time,id,rssi
2017-01-04T06:13:44Z,3407074B7A,-38
2017-01-04T06:14:16Z,3407074B7A,-44
2017-01-04T06:14:53Z,3407074B7A,-43
2017-01-04T06:15:30Z,3407074B7A,-39
2017-01-04T06:16:02Z,3407074B7A,-46
2017-01-04T06:16:38Z,3407074B7A,-42
2017-01-04T06:17:10Z,3407074B7A,-42
2017-01-04T06:17:12Z,074B2A00,-92
2017-01-04T06:17:35Z,074B2A00,-79
2017-01-04T06:17:47Z,3407074B7A,-57
2017-01-04T06:18:25Z,3407074B7A,-63
2017-01-04T06:18:45Z,074B2A00,-100
2017-01-04T06:18:57Z,3407074B7A,-94
2017-01-04T06:19:31Z,074B2A00,-91
2017-01-04T06:19:34Z,3407074B7A,-63
2017-01-04T06:19:55Z,074B2A00,-88
2017-01-04T06:20:06Z,3407074B7A,-60
2017-01-04T06:20:24Z,074B2A00,-90
2017-01-04T06:20:44Z,3407074B7A,-58
2017-01-04T06:20:48Z,074B2A00,-90
2017-01-04T06:21:12Z,074B2A00,-89
2017-01-04T06:21:16Z,3407074B7A,-61
2017-01-04T06:21:48Z,3407074B7A,-56
2017-01-04T06:22:25Z,3407074B7A,-56
2017-01-04T06:22:45Z,074B2A00,-90
2017-01-04T06:22:58Z,3407074B7A,-55
2017-01-04T06:23:30Z,3407074B7A,-55
2017-01-04T06:23:32Z,074B2A00,-90
2017-01-04T06:23:55Z,074B2A00,-90
2017-01-04T06:24:07Z,3407074B7A,-57
2017-01-04T06:24:18Z,074B2A00,-88
2017-01-04T06:24:39Z,3407074B7A,-55
2017-01-04T06:24:42Z,074B2A00,-90
2017-01-04T06:25:17Z,3407074B7A,-58
2017-01-04T06:25:29Z,074B2A00,-90
2017-01-04T06:25:49Z,3407074B7A,-60
2017-01-04T06:26:15Z,074B2A00,-90
2017-01-04T06:26:27Z,3407074B7A,-56
2017-01-04T06:26:39Z,074B2A00,-90
2017-01-04T06:27:02Z,074B2A00,-90
2017-01-04T06:27:04Z,3407074B7A,-56
2017-01-04T06:27:25Z,074B2A00,-90
2017-01-04T06:27:41Z,3407074B7A,-55
2017-01-04T06:27:49Z,074B2A00,-90
2017-01-04T06:28:18Z,3407074B7A,-58
2017-01-04T06:28:50Z,3407074B7A,-56
2017-01-04T06:28:59Z,074B2A00,-90
2017-01-04T06:29:28Z,3407074B7A,-58
2017-01-04T06:29:45Z,074B2A00,-90
2017-01-04T06:30:00Z,3407074B7A,-57
2017-01-04T06:30:32Z,3407074B7A,-55
2017-01-04T06:31:04Z,3407074B7A,-55
2017-01-04T06:31:37Z,3407074B7A,-58
2017-01-04T06:32:05Z,074B2A00,-90
2017-01-04T06:32:14Z,3407074B7A,-58
2017-01-04T06:32:29Z,074B2A00,-91
2017-01-04T06:32:46Z,3407074B7A,-61
2017-01-04T06:32:52Z,074B2A00,-90
2017-01-04T06:33:19Z,3407074B7A,-61
2017-01-04T06:33:51Z,3407074B7A,-58
2017-01-04T06:34:25Z,074B2A00,-89
2017-01-04T06:34:28Z,3407074B7A,-57
2017-01-04T06:35:05Z,3407074B7A,-56
2017-01-04T06:35:12Z,074B2A00,-90
2017-01-04T06:35:42Z,3407074B7A,-58
2017-01-04T06:35:59Z,074B2A00,-89
2017-01-04T06:36:14Z,3407074B7A,-58
2017-01-04T06:36:46Z,3407074B7A,-57
2017-01-04T06:37:18Z,3407074B7A,-58
2017-01-04T06:37:50Z,3407074B7A,-58
2017-01-04T06:38:18Z,074B2A00,-90
2017-01-04T06:38:27Z,3407074B7A,-57
2017-01-04T06:39:04Z,3407074B7A,-57
2017-01-04T06:39:36Z,3407074B7A,-55
2017-01-04T06:40:08Z,3407074B7A,-55
2017-01-04T06:40:40Z,3407074B7A,-57
2017-01-04T06:41:12Z,3407074B7A,-57
2017-01-04T06:41:48Z,3407074B7A,-58
2017-01-04T06:42:25Z,3407074B7A,-60
2017-01-04T06:43:02Z,3407074B7A,-60
2017-01-04T06:43:39Z,3407074B7A,-61
2017-01-04T06:44:07Z,074B2A00,-88
2017-01-04T06:44:11Z,3407074B7A,-60
2017-01-04T06:44:47Z,3407074B7A,-61
2017-01-04T06:45:24Z,3407074B7A,-55
2017-01-04T06:45:56Z,3407074B7A,-55
2017-01-04T06:46:27Z,3407074B7A,-56
2017-01-04T06:46:59Z,3407074B7A,-56
2017-01-04T06:47:36Z,3407074B7A,-59
2017-01-04T06:48:07Z,3407074B7A,-56
2017-01-04T06:48:39Z,3407074B7A,-56
2017-01-04T06:49:10Z,3407074B7A,-55
2017-01-04T06:49:42Z,3407074B7A,-55
2017-01-04T06:50:13Z,3407074B7A,-56
2017-01-04T06:50:18Z,074B2A00,-93
2017-01-04T06:50:18Z,00000052,-57
2017-01-04T06:50:45Z,3407074B7A,-56
2017-01-04T06:51:16Z,3407074B7A,-55
2017-01-04T06:51:48Z,3407074B7A,-55
2017-01-04T06:52:19Z,3407074B7A,-57
2017-01-04T06:52:37Z,074B2A00,-91
2017-01-04T06:52:51Z,3407074B7A,-57
2017-01-04T06:53:23Z,3407074B7A,-54
2017-01-04T06:53:54Z,3407074B7A,-54
2017-01-04T06:54:10Z,074B2A00,-94
2017-01-04T06:54:26Z,3407074B7A,-55
2017-01-04T06:54:57Z,3407074B7A,-54
2017-01-04T06:55:28Z,3407074B7A,-53
2017-01-04T06:55:59Z,3407074B7A,-53
2017-01-04T06:56:30Z,3407074B7A,-54
2017-01-04T06:57:01Z,3407074B7A,-56
2017-01-04T06:57:32Z,3407074B7A,-55
2017-01-04T06:58:03Z,3407074B7A,-55
2017-01-04T06:58:34Z,3407074B7A,-56
2017-01-04T06:59:05Z,3407074B7A,-60
2017-01-04T06:59:36Z,3407074B7A,-58
2017-01-04T07:00:07Z,3407074B7A,-61
2017-01-04T07:00:39Z,3407074B7A,-63
2017-01-04T07:01:10Z,3407074B7A,-57
2017-01-04T07:01:41Z,3407074B7A,-61
2017-01-04T07:01:58Z,33E60019,-111
2017-01-04T07:02:12Z,3407074B7A,-62
2017-01-04T07:02:17Z,00000052,-60
2017-01-04T07:02:43Z,3407074B7A,-64
2017-01-04T07:03:13Z,3407074B7A,-62
2017-01-04T07:03:44Z,3407074B7A,-57
2017-01-04T07:04:14Z,3407074B7A,-60
2017-01-04T07:04:44Z,3407074B7A,-61
2017-01-04T07:04:52Z,074B2A00,-89
2017-01-04T07:05:15Z,3407074B7A,-56
2017-01-04T07:05:17Z,074B2A00,-90
2017-01-04T07:05:46Z,3407074B7A,-73
2017-01-04T07:06:01Z,074B2A00,-89
2017-01-04T07:06:16Z,3407074B7A,-57
2017-01-04T07:06:36Z,074B2AFF,-90
2017-01-04T07:06:47Z,3407074B7A,-55
2017-01-04T07:07:19Z,3407074B7A,-57
2017-01-04T07:07:50Z,3407074B7A,-55
2017-01-04T07:08:20Z,3407074B7A,-55
2017-01-04T07:08:27Z,074B2AFF,-90
2017-01-04T07:08:51Z,3407074B7A,-56
2017-01-04T07:09:52Z,3407074B7A,-61
2017-01-04T07:10:23Z,3407074B7A,-60
2017-01-04T07:10:25Z,074B2AFF,-91
2017-01-04T07:10:53Z,3407074B7A,-60
2017-01-04T07:11:23Z,074B2AFF,-90
2017-01-04T07:11:24Z,3407074B7A,-60
2017-01-04T07:11:55Z,3407074B7A,-60
2017-01-04T07:12:25Z,3407074B7A,-60
2017-01-04T07:12:56Z,3407074B7A,-60
2017-01-04T07:13:27Z,3407074B7A,-60
2017-01-04T07:13:57Z,3407074B7A,-60
2017-01-04T07:14:13Z,074B2AFF,-92
2017-01-04T07:14:28Z,3407074B7A,-62
2017-01-04T07:14:59Z,3407074B7A,-62
2017-01-04T07:15:17Z,074B2AFF,-94
2017-01-04T07:15:29Z,3407074B7A,-56
2017-01-04T07:16:00Z,3407074B7A,-58
2017-01-04T07:16:30Z,3407074B7A,-59
2017-01-04T07:17:01Z,3407074B7A,-60
2017-01-04T07:17:05Z,074B2AFF,-91
2017-01-04T07:17:10Z,074B2AFF,-91
2017-01-04T07:17:31Z,3407074B7A,-58
2017-01-04T07:18:01Z,3407074B7A,-59
2017-01-04T07:18:32Z,3407074B7A,-60
2017-01-04T07:19:02Z,3407074B7A,-60
2017-01-04T07:19:32Z,3407074B7A,-60
2017-01-04T07:19:39Z,074B2AFF,-90
2017-01-04T07:20:02Z,3407074B7A,-60
2017-01-04T07:20:32Z,3407074B7A,-60
2017-01-04T07:21:02Z,3407074B7A,-60
2017-01-04T07:21:32Z,3407074B7A,-60
2017-01-04T07:22:02Z,3407074B7A,-60
2017-01-04T07:22:31Z,3407074B7A,-60
2017-01-04T07:23:01Z,3407074B7A,-60
2017-01-04T07:23:12Z,074B2AFF,-90
2017-01-04T07:23:31Z,3407074B7A,-59
2017-01-04T07:24:01Z,3407074B7A,-59
2017-01-04T07:24:39Z,3407074B7A,-62
2017-01-04T07:25:12Z,3407074B7A,-59
2017-01-04T07:25:20Z,074B2AFF,-91
2017-01-04T07:25:44Z,3407074B7A,-59
2017-01-04T07:26:17Z,3407074B7A,-60
2017-01-04T07:26:23Z,074B2AFF,-91
2017-01-04T07:26:49Z,3407074B7A,-60
2017-01-04T07:27:37Z,3407074B7A,-60
2017-01-04T07:28:15Z,3407074B7A,-60
2017-01-04T07:28:53Z,3407074B7A,-60
2017-01-04T07:29:30Z,3407074B7A,-60
2017-01-04T07:30:08Z,3407074B7A,-60
2017-01-04T07:30:40Z,3407074B7A,-60
2017-01-04T07:31:17Z,3407074B7A,-60
2017-01-04T07:31:24Z,074B2AFF,-91
2017-01-04T07:31:55Z,3407074B7A,-58
2017-01-04T07:32:00Z,000000CB,-59
2017-01-04T07:32:22Z,074B2AFF,-91
2017-01-04T07:32:27Z,3407074B7A,-60
2017-01-04T07:33:04Z,3407074B7A,-60
2017-01-04T07:33:36Z,3407074B7A,-60
2017-01-04T07:34:13Z,3407074B7A,-60
2017-01-04T07:34:44Z,3407074B7A,-60
2017-01-04T07:35:16Z,3407074B7A,-59
2017-01-04T07:35:47Z,3407074B7A,-60
2017-01-04T07:36:50Z,3407074B7A,-59
2017-01-04T07:37:22Z,3407074B7A,-60
2017-01-04T07:37:54Z,3407074B7A,-60
2017-01-04T07:38:31Z,3407074B7A,-60
2017-01-04T07:39:02Z,3407074B7A,-60
2017-01-04T07:39:40Z,3407074B7A,-60
2017-01-04T07:40:11Z,3407074B7A,-60
2017-01-04T07:40:43Z,3407074B7A,-60
2017-01-04T07:41:20Z,3407074B7A,-60
2017-01-04T07:41:43Z,074B2AFF,-90
2017-01-04T07:41:57Z,3407074B7A,-60
2017-01-04T07:42:29Z,3407074B7A,-60
2017-01-04T07:43:01Z,3407074B7A,-60
2017-01-04T07:43:38Z,3407074B7A,-57
2017-01-04T07:44:15Z,3407074B7A,-60
2017-01-04T07:44:29Z,074B2AFF,-90
2017-01-04T07:44:47Z,3407074B7A,-60
2017-01-04T07:45:24Z,3407074B7A,-60
2017-01-04T07:45:56Z,3407074B7A,-60
2017-01-04T07:46:33Z,3407074B7A,-60
2017-01-04T07:47:05Z,3407074B7A,-60
2017-01-04T07:47:16Z,074B2A00,-90
2017-01-04T07:47:42Z,3407074B7A,-60
2017-01-04T07:47:50Z,074B2A00,-90
2017-01-04T07:48:14Z,3407074B7A,-60
2017-01-04T07:48:52Z,3407074B7A,-60
2017-01-04T07:48:57Z,00000061,-60
2017-01-04T07:49:15Z,074B2A00,-90
2017-01-04T07:49:23Z,3407074B7A,-60
2017-01-04T07:50:01Z,3407074B7A,-60
2017-01-04T07:50:18Z,074B2A00,-90
2017-01-04T07:50:33Z,3407074B7A,-60
2017-01-04T07:50:49Z,074B2A00,-90
2017-01-04T07:51:05Z,3407074B7A,-60
2017-01-04T07:51:37Z,3407074B7A,-60
2017-01-04T07:52:14Z,3407074B7A,-59
2017-01-04T07:52:52Z,3407074B7A,-60
2017-01-04T07:53:24Z,3407074B7A,-60
2017-01-04T07:54:01Z,3407074B7A,-59
2017-01-04T07:54:34Z,3407074B7A,-60
2017-01-04T07:55:12Z,3407074B7A,-60
2017-01-04T07:55:49Z,3407074B7A,-60
2017-01-04T07:56:27Z,3407074B7A,-60
2017-01-04T07:56:59Z,3407074B7A,-60
2017-01-04T07:58:04Z,3407074B7A,-60
2017-01-04T07:59:02Z,3407074B7A,-60
2017-01-04T07:59:08Z,074B2A00,-91
2017-01-04T07:59:39Z,3407074B7A,-59
2017-01-04T08:00:16Z,3407074B7A,-59
2017-01-04T08:00:36Z,074B2A00,-90
2017-01-04T08:00:53Z,3407074B7A,-58
2017-01-04T08:01:08Z,074B2A00,-90
2017-01-04T08:01:25Z,3407074B7A,-59
2017-01-04T08:01:46Z,074B2AFF,-90
2017-01-04T08:01:57Z,3407074B7A,-59
2017-01-04T08:02:29Z,3407074B7A,-58
2017-01-04T08:02:40Z,074B2AFF,-90
2017-01-04T08:03:06Z,3407074B7A,-59
2017-01-04T08:03:31Z,074B2A00,-90
2017-01-04T08:03:43Z,3407074B7A,-58
2017-01-04T08:04:03Z,074B2A00,-88
2017-01-04T08:04:15Z,3407074B7A,-60
2017-01-04T08:04:36Z,074B2A00,-90
2017-01-04T08:04:52Z,3407074B7A,-59
2017-01-04T08:05:07Z,074B2A00,-90
2017-01-04T08:05:29Z,3407074B7A,-59
2017-01-04T08:05:38Z,074B2A00,-90
2017-01-04T08:06:00Z,3407074B7A,-59
2017-01-04T08:06:38Z,3407074B7A,-59
2017-01-04T08:07:06Z,074B2A00,-90
2017-01-04T08:07:15Z,3407074B7A,-59
2017-01-04T08:07:38Z,074B2A00,-90
2017-01-04T08:07:47Z,3407074B7A,-59
2017-01-04T08:08:09Z,074B2A00,-90
2017-01-04T08:08:24Z,3407074B7A,-60
2017-01-04T08:08:42Z,074B2A00,-90
2017-01-04T08:08:58Z,3407074B7A,-59
2017-01-04T08:09:34Z,3407074B7A,-62
2017-01-04T08:10:06Z,3407074B7A,-59
2017-01-04T08:10:09Z,074B2A00,-90
2017-01-04T08:10:41Z,074B2A00,-90
2017-01-04T08:10:44Z,3407074B7A,-59
2017-01-04T08:11:13Z,074B2A00,-90
2017-01-04T08:11:16Z,3407074B7A,-59
2017-01-04T08:11:51Z,074B2A00,-90
2017-01-04T08:11:54Z,3407074B7A,-60
2017-01-04T08:12:26Z,3407074B7A,-59
2017-01-04T08:12:28Z,074B2AFF,-89
2017-01-04T08:13:24Z,3407074B7A,-59
2017-01-04T08:13:26Z,074B2A00,-90
2017-01-04T08:13:57Z,3407074B7A,-59
2017-01-04T08:13:59Z,074B2A00,-90
2017-01-04T08:14:30Z,3407074B7A,-59
2017-01-04T08:14:33Z,074B2A00,-90
2017-01-04T08:15:02Z,3407074B7A,-59
2017-01-04T08:15:04Z,074B2A00,-90
2017-01-04T08:15:36Z,074B2A00,-90
2017-01-04T08:15:40Z,3407074B7A,-59
2017-01-04T08:16:08Z,074B2A00,-90
2017-01-04T08:16:13Z,3407074B7A,-59
2017-01-04T08:16:40Z,074B2A00,-90
2017-01-04T08:17:01Z,3407074B7A,-59
2017-01-04T08:17:13Z,074B2A00,-90
2017-01-04T08:17:39Z,3407074B7A,-59
2017-01-04T08:17:47Z,074B2A00,-90
2017-01-04T08:18:11Z,3407074B7A,-59
2017-01-04T08:18:44Z,3407074B7A,-60
2017-01-04T08:18:53Z,074B2A00,-90
2017-01-04T08:19:18Z,3407074B7A,-60
2017-01-04T08:19:26Z,074B2A00,-90
2017-01-04T08:19:51Z,3407074B7A,-60
2017-01-04T08:19:59Z,074B2A00,-90
2017-01-04T08:20:24Z,3407074B7A,-59
2017-01-04T08:20:32Z,074B2A00,-90
2017-01-04T08:20:57Z,3407074B7A,-59
2017-01-04T08:21:04Z,074B2A00,-90
2017-01-04T08:21:30Z,3407074B7A,-59
2017-01-04T08:21:37Z,074B2A00,-90
2017-01-04T08:22:02Z,3407074B7A,-59
2017-01-04T08:22:09Z,074B2A00,-90
2017-01-04T08:22:35Z,3407074B7A,-59
2017-01-04T08:22:41Z,074B2A00,-90
2017-01-04T08:23:08Z,3407074B7A,-60
2017-01-04T08:23:13Z,074B2A00,-90
2017-01-04T08:23:41Z,3407074B7A,-59
2017-01-04T08:23:46Z,074B2A00,-90
2017-01-04T08:24:14Z,3407074B7A,-58
2017-01-04T08:24:18Z,074B2A00,-90
2017-01-04T08:24:47Z,3407074B7A,-59
2017-01-04T08:24:50Z,074B2A00,-90
2017-01-04T08:25:20Z,3407074B7A,-56
2017-01-04T08:25:24Z,074B2A00,-90
2017-01-04T08:25:54Z,3407074B7A,-59
2017-01-04T08:25:56Z,074B2A00,-90
2017-01-04T08:26:27Z,3407074B7A,-58
2017-01-04T08:26:29Z,074B2A00,-90
2017-01-04T08:27:01Z,3407074B7A,-59
2017-01-04T08:27:02Z,074B2A00,-90
2017-01-04T08:27:34Z,3407074B7A,-59
2017-01-04T08:27:35Z,074B2A00,-90
2017-01-04T08:28:07Z,074B2A00,-90
2017-01-04T08:28:07Z,3407074B7A,-59
2017-01-04T08:28:38Z,074B2A00,-91
2017-01-04T08:28:40Z,3407074B7A,-58
2017-01-04T08:29:11Z,074B2A00,-90
2017-01-04T08:29:15Z,3407074B7A,-60
2017-01-04T08:29:46Z,074B2A00,-90
2017-01-04T08:29:50Z,3407074B7A,-60
2017-01-04T08:30:16Z,074B2A00,-91
2017-01-04T08:30:23Z,3407074B7A,-57
2017-01-04T08:30:46Z,074B2A00,-91
2017-01-04T08:30:56Z,3407074B7A,-62
2017-01-04T08:31:18Z,074B2A00,-92
2017-01-04T08:31:44Z,3407074B7A,-59
2017-01-04T08:31:51Z,074B2A00,-90
2017-01-04T08:32:16Z,3407074B7A,-59
2017-01-04T08:32:21Z,074B2A00,-91
2017-01-04T08:32:39Z,8778B4CB,-111
2017-01-04T08:32:51Z,074B2A00,-90
2017-01-04T08:33:09Z,3407074B7A,-59
2017-01-04T08:33:47Z,3407074B7A,-59
2017-01-04T08:33:52Z,074B2A00,-90
2017-01-04T08:34:19Z,3407074B7A,-59
2017-01-04T08:34:23Z,074B2A00,-90
2017-01-04T08:34:53Z,074B2A00,-90
2017-01-04T08:34:56Z,3407074B7A,-59
2017-01-04T08:35:24Z,074B2A00,-91
2017-01-04T08:35:28Z,3407074B7A,-59
2017-01-04T08:35:53Z,074B2A00,-90
2017-01-04T08:36:05Z,3407074B7A,-59
2017-01-04T08:36:23Z,074B2A00,-91
2017-01-04T08:36:42Z,3407074B7A,-59
2017-01-04T08:36:52Z,074B2A00,-90
2017-01-04T08:37:19Z,3407074B7A,-58
2017-01-04T08:37:23Z,074B2A00,-90
2017-01-04T08:37:51Z,3407074B7A,-59
2017-01-04T08:37:52Z,074B2A00,-90
2017-01-04T08:38:22Z,074B2A00,-90
2017-01-04T08:38:51Z,074B2A00,-91
2017-01-04T08:38:59Z,3407074B7A,-59
2017-01-04T08:39:21Z,074B2A00,-90
2017-01-04T08:39:30Z,3407074B7A,-59
2017-01-04T08:39:50Z,074B2A00,-90
2017-01-04T08:40:01Z,3407074B7A,-58
2017-01-04T08:40:20Z,074B2A00,-90
2017-01-04T08:40:33Z,3407074B7A,-59
2017-01-04T08:40:50Z,074B2A00,-90
2017-01-04T08:41:04Z,3407074B7A,-59
2017-01-04T08:41:09Z,000000D2,-60
2017-01-04T08:41:20Z,074B2A00,-90
2017-01-04T08:41:35Z,3407074B7A,-59
2017-01-04T08:41:49Z,074B2A00,-90
2017-01-04T08:42:07Z,3407074B7A,-59
2017-01-04T08:42:18Z,074B2A00,-91
2017-01-04T08:42:39Z,3407074B7A,-59
2017-01-04T08:42:48Z,074B2A00,-90
2017-01-04T08:43:10Z,3407074B7A,-59
2017-01-04T08:43:17Z,074B2A00,-90
2017-01-04T08:43:42Z,3407074B7A,-59
2017-01-04T08:43:47Z,074B2A00,-90
2017-01-04T08:44:16Z,074B2A00,-90
2017-01-04T08:44:20Z,3407074B7A,-59
2017-01-04T08:44:47Z,074B2A00,-91
2017-01-04T08:44:52Z,3407074B7A,-59
2017-01-04T08:45:18Z,074B2A00,-90
2017-01-04T08:45:24Z,3407074B7A,-59
2017-01-04T08:45:56Z,3407074B7A,-59
2017-01-04T08:46:19Z,074B2A00,-90
2017-01-04T08:46:28Z,3407074B7A,-59
2017-01-04T08:46:49Z,074B2A00,-90
2017-01-04T08:47:01Z,3407074B7A,-59
2017-01-04T08:47:21Z,074B2A00,-90
2017-01-04T08:47:38Z,3407074B7A,-59
2017-01-04T08:47:53Z,074B2A00,-90
2017-01-04T08:48:16Z,3407074B7A,-59
2017-01-04T08:48:23Z,074B2A00,-90
2017-01-04T08:48:53Z,3407074B7A,-59
2017-01-04T08:48:54Z,074B2A00,-90
2017-01-04T08:48:59Z,0000004B,-60
2017-01-04T08:49:25Z,074B2A00,-90
2017-01-04T08:49:26Z,3407074B7A,-59
2017-01-04T08:49:55Z,074B2A00,-90
2017-01-04T08:49:58Z,3407074B7A,-59
2017-01-04T08:50:26Z,074B2A00,-90
2017-01-04T08:50:35Z,3407074B7A,-59
2017-01-04T08:50:56Z,074B2A00,-90
2017-01-04T08:51:13Z,3407074B7A,-59
2017-01-04T08:51:25Z,074B2A00,-90
2017-01-04T08:51:45Z,3407074B7A,-59
2017-01-04T08:51:55Z,074B2A00,-90
2017-01-04T08:52:17Z,3407074B7A,-59
2017-01-04T08:52:24Z,074B2A00,-90
2017-01-04T08:52:54Z,3407074B7A,-59
2017-01-04T08:52:55Z,074B2A00,-90
2017-01-04T08:52:59Z,000000D2,-60
2017-01-04T08:53:26Z,3407074B7A,-59
2017-01-04T08:59:49Z,074B2AFF,-90
2017-01-04T09:06:25Z,074B2AFF,-90
2017-01-04T09:08:14Z,3407074B7A,-59
2017-01-04T09:08:47Z,3407074B7A,-59
2017-01-04T09:09:22Z,074B2A00,-90
2017-01-04T09:09:24Z,3407074B7A,-59
2017-01-04T09:09:47Z,074B2A00,-90
2017-01-04T09:09:56Z,3407074B7A,-59
2017-01-04T09:10:01Z,000000D2,-60
2017-01-04T09:10:13Z,074B2A00,-90
2017-01-04T09:10:28Z,3407074B7A,-59
2017-01-04T09:10:40Z,074B2A00,-90
2017-01-04T09:11:05Z,3407074B7A,-59
2017-01-04T09:11:07Z,074B2A00,-90
2017-01-04T09:11:35Z,074B2A00,-90
2017-01-04T09:11:43Z,3407074B7A,-59
2017-01-04T09:12:03Z,074B2A00,-90
2017-01-04T09:12:15Z,3407074B7A,-59
2017-01-04T09:12:32Z,074B2A00,-90
2017-01-04T09:12:52Z,3407074B7A,-59
2017-01-04T09:13:01Z,074B2A00,-90
2017-01-04T09:13:31Z,074B2A00,-90
2017-01-04T09:13:56Z,3407074B7A,-59
2017-01-04T09:14:03Z,074B2A00,-90
2017-01-04T09:14:29Z,3407074B7A,-59
2017-01-04T09:14:32Z,074B2A00,-90
2017-01-04T09:15:01Z,3407074B7A,-59
2017-01-04T09:15:02Z,074B2A00,-90
2017-01-04T09:15:32Z,074B2A00,-91
2017-01-04T09:15:33Z,3407074B7A,-59
2017-01-04T09:16:02Z,074B2A00,-90
2017-01-04T09:16:06Z,3407074B7A,-59
2017-01-04T09:16:32Z,074B2A00,-90
2017-01-04T09:16:38Z,3407074B7A,-59
2017-01-04T09:17:02Z,074B2AFF,-90
2017-01-04T09:17:33Z,074B2A00,-90
2017-01-04T09:17:42Z,3407074B7A,-59
2017-01-04T09:18:03Z,074B2A00,-90
2017-01-04T09:18:19Z,3407074B7A,-59
2017-01-04T09:18:34Z,074B2A00,-90
2017-01-04T09:18:56Z,3407074B7A,-59
2017-01-04T09:19:34Z,3407074B7A,-59
2017-01-04T09:19:35Z,074B2A00,-90
2017-01-04T09:20:05Z,074B2A00,-90
2017-01-04T09:20:12Z,3407074B7A,-59
2017-01-04T09:20:36Z,074B2A00,-91
2017-01-04T09:20:44Z,3407074B7A,-59
2017-01-04T09:21:07Z,074B2AFF,-90
2017-01-04T09:21:12Z,074B2A00,-90
2017-01-04T09:21:16Z,3407074B7A,-59
2017-01-04T09:21:48Z,3407074B7A,-59
2017-01-04T09:22:20Z,074B2A00,-90
2017-01-04T09:22:25Z,3407074B7A,-59
2017-01-04T09:22:57Z,074B2AFF,-90
2017-01-04T09:23:03Z,3407074B7A,-59
2017-01-04T09:23:35Z,3407074B7A,-59
2017-01-04T09:23:47Z,074B2AFF,-90
2017-01-04T09:24:50Z,3407074B7A,-59
2017-01-04T09:25:27Z,3407074B7A,-59
2017-01-04T09:25:38Z,074B2A00,-90
2017-01-04T09:26:00Z,3407074B7A,-59
2017-01-04T09:26:48Z,3407074B7A,-59
2017-01-04T09:27:21Z,3407074B7A,-59
2017-01-04T09:27:54Z,3407074B7A,-59
2017-01-04T09:28:09Z,074B2A00,-91
2017-01-04T09:28:27Z,3407074B7A,-64
2017-01-04T09:28:44Z,074B2A00,-90
2017-01-04T09:28:59Z,3407074B7A,-59
2017-01-04T09:29:17Z,074B2AFF,-90
2017-01-04T09:29:32Z,3407074B7A,-59
2017-01-04T09:29:49Z,074B2A00,-90
2017-01-04T09:30:05Z,3407074B7A,-59
2017-01-04T09:30:27Z,074B2A00,-90
2017-01-04T09:30:39Z,3407074B7A,-59
2017-01-04T09:31:12Z,3407074B7A,-59
2017-01-04T09:31:45Z,3407074B7A,-59
2017-01-04T09:32:12Z,074B2A00,-90
2017-01-04T09:32:19Z,3407074B7A,-59
2017-01-04T09:32:53Z,3407074B7A,-59
2017-01-04T09:32:55Z,074B2AFF,-90
2017-01-04T09:33:27Z,3407074B7A,-59
2017-01-04T09:34:01Z,3407074B7A,-59
2017-01-04T09:34:24Z,074B2A00,-90
2017-01-04T09:34:35Z,3407074B7A,-59
2017-01-04T09:34:58Z,074B2A00,-91
2017-01-04T09:35:09Z,3407074B7A,-59
2017-01-04T09:35:32Z,074B2A00,-90
2017-01-04T09:35:43Z,3407074B7A,-59
2017-01-04T09:36:04Z,074B2A00,-90
2017-01-04T09:36:17Z,3407074B7A,-59
2017-01-04T09:36:39Z,074B2A00,-90
2017-01-04T09:36:52Z,3407074B7A,-59
2017-01-04T09:37:13Z,074B2A00,-90
2017-01-04T09:37:26Z,3407074B7A,-59
2017-01-04T09:37:46Z,074B2A00,-90
2017-01-04T09:38:00Z,3407074B7A,-59
2017-01-04T09:38:20Z,074B2A00,-90
2017-01-04T09:38:34Z,3407074B7A,-59
2017-01-04T09:39:03Z,074B2A00,-90
2017-01-04T09:39:08Z,3407074B7A,-58
2017-01-04T09:39:42Z,3407074B7A,-59
2017-01-04T09:39:43Z,074B2AFF,-90
2017-01-04T09:39:48Z,074B2A00,-90
2017-01-04T09:40:16Z,3407074B7A,-59
2017-01-04T09:40:37Z,074B2A00,-90
2017-01-04T09:40:50Z,3407074B7A,-59
2017-01-04T09:41:17Z,074B2AFF,-90
2017-01-04T09:41:24Z,3407074B7A,-59
2017-01-04T09:41:58Z,3407074B7A,-59
2017-01-04T09:42:18Z,074B2A00,-90
2017-01-04T09:42:57Z,074B2A00,-90
2017-01-04T09:43:05Z,3407074B7A,-59
2017-01-04T09:43:38Z,3407074B7A,-59
2017-01-04T09:43:40Z,074B2A00,-90
2017-01-04T09:44:12Z,3407074B7A,-59
2017-01-04T09:44:14Z,074B2A00,-90
2017-01-04T09:44:45Z,3407074B7A,-59
2017-01-04T09:44:53Z,074B2A00,-90
2017-01-04T09:45:19Z,3407074B7A,-59
2017-01-04T09:45:53Z,3407074B7A,-59
2017-01-04T09:46:15Z,074B2A00,-90
2017-01-04T09:46:26Z,3407074B7A,-59
2017-01-04T09:47:07Z,074B2A00,-90
2017-01-04T09:47:33Z,3407074B7A,-59
2017-01-04T09:48:07Z,3407074B7A,-59
2017-01-04T09:48:40Z,3407074B7A,-59
2017-01-04T09:48:53Z,074B2AFF,-90
2017-01-04T09:49:14Z,3407074B7A,-59
2017-01-04T09:49:47Z,3407074B7A,-59
2017-01-04T09:50:20Z,3407074B7A,-59
2017-01-04T09:53:44Z,074B2A00,-90
2017-01-04T09:53:49Z,3407074B7A,-58
2017-01-04T09:54:12Z,074B2A00,-90
2017-01-04T09:54:55Z,3407074B7A,-59
2017-01-04T09:55:33Z,3407074B7A,-59
2017-01-04T09:56:12Z,3407074B7A,-59
2017-01-04T09:56:29Z,074B2AFF,-90
2017-01-04T09:56:44Z,3407074B7A,-59
2017-01-04T09:57:17Z,3407074B7A,-59
2017-01-04T09:58:05Z,3407074B7A,-59
2017-01-04T09:58:38Z,3407074B7A,-59
2017-01-04T09:59:16Z,3407074B7A,-59
2017-01-04T09:59:49Z,3407074B7A,-59
2017-01-04T10:00:30Z,074B2A00,-90
2017-01-04T10:00:56Z,3407074B7A,-59
2017-01-04T10:01:03Z,074B2A00,-90
2017-01-04T10:01:28Z,3407074B7A,-59
2017-01-04T10:02:01Z,3407074B7A,-59
2017-01-04T10:02:34Z,3407074B7A,-57
2017-01-04T10:02:36Z,074B2AFF,-90
2017-01-04T10:03:07Z,3407074B7A,-62
2017-01-04T10:03:41Z,3407074B7A,-59
2017-01-04T10:04:14Z,3407074B7A,-59
2017-01-04T10:04:47Z,3407074B7A,-59
2017-01-04T10:05:21Z,3407074B7A,-59
2017-01-04T10:05:55Z,3407074B7A,-59
2017-01-04T10:06:29Z,3407074B7A,-59
2017-01-04T10:06:59Z,074B2A00,-90
2017-01-04T10:07:03Z,3407074B7A,-59
2017-01-04T10:07:34Z,074B2A00,-90
2017-01-04T10:07:37Z,3407074B7A,-59
2017-01-04T10:08:11Z,3407074B7A,-59
2017-01-04T10:08:45Z,3407074B7A,-59
2017-01-04T10:09:19Z,3407074B7A,-59
2017-01-04T10:09:53Z,3407074B7A,-59
2017-01-04T10:10:10Z,074B2AFF,-90
2017-01-04T10:10:27Z,3407074B7A,-59
2017-01-04T10:11:01Z,3407074B7A,-59
2017-01-04T10:11:14Z,074B2AFF,-90
2017-01-04T10:11:19Z,074B2A00,-90
2017-01-04T10:11:35Z,3407074B7A,-59
2017-01-04T10:12:10Z,3407074B7A,-59
2017-01-04T10:12:44Z,3407074B7A,-59
2017-01-04T10:13:18Z,3407074B7A,-59
2017-01-04T10:13:52Z,3407074B7A,-59
2017-01-04T10:14:13Z,074B2AFF,-91
2017-01-04T10:14:19Z,074B2AFF,-90
2017-01-04T10:14:26Z,3407074B7A,-59
2017-01-04T10:15:01Z,3407074B7A,-59
2017-01-04T10:15:15Z,074B2AFF,-90
2017-01-04T10:15:21Z,074B2AFF,-90
2017-01-04T10:15:35Z,3407074B7A,-59
2017-01-04T10:16:09Z,3407074B7A,-59
2017-01-04T10:16:44Z,3407074B7A,-59
2017-01-04T10:17:18Z,3407074B7A,-59
2017-01-04T10:17:23Z,074B2AFF,-90
2017-01-04T10:17:53Z,3407074B7A,-59
2017-01-04T10:18:21Z,074B2AFF,-90
2017-01-04T10:18:28Z,3407074B7A,-59
2017-01-04T10:19:02Z,3407074B7A,-59
2017-01-04T10:19:37Z,3407074B7A,-59
2017-01-04T10:20:11Z,3407074B7A,-59
2017-01-04T10:20:46Z,3407074B7A,-59
2017-01-04T10:21:21Z,3407074B7A,-59
2017-01-04T10:21:55Z,3407074B7A,-59
2017-01-04T10:22:30Z,3407074B7A,-59
2017-01-04T10:23:04Z,3407074B7A,-59
2017-01-04T10:23:39Z,3407074B7A,-59
2017-01-04T10:23:40Z,074B2A00,-90
2017-01-04T10:24:13Z,3407074B7A,-59
2017-01-04T10:24:20Z,074B2A00,-91
2017-01-04T10:24:47Z,3407074B7A,-59
2017-01-04T10:25:11Z,074B2A00,-90
2017-01-04T10:25:22Z,3407074B7A,-59
2017-01-04T10:25:53Z,074B2AFF,-91
2017-01-04T10:25:56Z,3407074B7A,-59
2017-01-04T10:26:30Z,3407074B7A,-59
2017-01-04T10:26:58Z,074B2AFF,-90
2017-01-04T10:27:05Z,3407074B7A,-59
2017-01-04T10:27:39Z,3407074B7A,-59
2017-01-04T10:27:57Z,074B2A00,-91
2017-01-04T10:28:13Z,3407074B7A,-59
2017-01-04T10:28:48Z,3407074B7A,-59
2017-01-04T10:29:22Z,3407074B7A,-59
2017-01-04T10:30:31Z,3407074B7A,-59
2017-01-04T10:31:05Z,3407074B7A,-59
2017-01-04T10:31:40Z,3407074B7A,-59
2017-01-04T10:32:15Z,3407074B7A,-59
2017-01-04T10:32:49Z,3407074B7A,-59
2017-01-04T10:33:24Z,3407074B7A,-59
2017-01-04T10:33:58Z,3407074B7A,-59
2017-01-04T10:34:33Z,3407074B7A,-59
2017-01-04T10:35:07Z,3407074B7A,-59
2017-01-04T10:35:42Z,3407074B7A,-59
2017-01-04T10:36:16Z,3407074B7A,-59
2017-01-04T10:36:38Z,074B2AFF,-91
2017-01-04T10:36:51Z,3407074B7A,-59
2017-01-04T10:37:26Z,3407074B7A,-59
2017-01-04T10:38:00Z,3407074B7A,-59
2017-01-04T10:38:18Z,074B2AFF,-91
2017-01-04T10:38:35Z,3407074B7A,-59
2017-01-04T10:39:10Z,3407074B7A,-59
2017-01-04T10:39:44Z,3407074B7A,-59
2017-01-04T10:40:19Z,3407074B7A,-59
2017-01-04T10:40:22Z,074B2A00,-91
2017-01-04T10:40:54Z,3407074B7A,-59
2017-01-04T10:41:14Z,074B2A00,-91
2017-01-04T10:41:29Z,3407074B7A,-59
2017-01-04T10:42:03Z,3407074B7A,-59
2017-01-04T10:42:38Z,3407074B7A,-59
2017-01-04T10:43:13Z,3407074B7A,-59
2017-01-04T10:43:41Z,074B2AFF,-91
2017-01-04T10:43:48Z,3407074B7A,-59
2017-01-04T11:43:41Z,4CB3E107,-112
2017-01-04T12:32:03Z,FFFF00E6,-101
2017-01-04T14:20:05Z,AD2A4BCB,-114
2017-01-04T14:30:58Z,FFB34B9E,-115
2017-01-04T15:23:22Z,2DAD2D87,-112
2017-01-04T15:47:19Z,CB55AA00,-112
2017-01-04T16:55:58Z,CBCB784C,-114
2017-01-04T17:38:08Z,802AFFAD,-117
2017-01-04T19:47:34Z,E1788780,-113
2017-01-19T05:09:18Z,3407074B7A,-61
2017-01-19T05:09:24Z,3407FFFF,-61
2017-01-19T05:09:45Z,3407074B7A,-61
2017-01-19T05:09:50Z,3407FFFF,-61
2017-01-19T05:10:12Z,3407074B7A,-62
2017-01-19T05:10:43Z,3407074B7A,-62
2017-01-19T05:10:48Z,3407FFFF,-63
2017-01-19T05:11:10Z,3407074B7A,-61
2017-01-19T05:11:15Z,3407FFFF,-62
2017-01-19T05:11:37Z,3407074B7A,-61
2017-01-19T05:12:08Z,3407074B7A,-61
2017-01-19T05:12:13Z,34000000,-63
2017-01-19T05:12:35Z,3407074B7A,-61
2017-01-19T05:13:06Z,3407074B7A,-61
2017-01-19T05:13:11Z,3407FFFF,-62
2017-01-19T05:13:33Z,3407074B7A,-60
2017-01-19T05:13:38Z,34000000,-62
2017-01-19T05:14:00Z,3407074B7A,-62
2017-01-19T05:14:26Z,3407074B7A,-62
2017-01-19T05:14:31Z,3407FFFF,-62
2017-01-19T05:14:53Z,3407074B7A,-62
2017-01-19T05:14:58Z,3407FFFF,-62
2017-01-19T05:15:19Z,3407074B7A,-61
2017-01-19T05:15:24Z,3407FFFF,-62
2017-01-19T05:15:45Z,3407074B7A,-61
2017-01-19T05:15:51Z,34000000,-62
2017-01-19T05:16:12Z,3407074B7A,-62
2017-01-19T05:16:43Z,3407074B7A,-61
2017-01-19T05:16:49Z,3407FFFF,-62
2017-01-19T05:17:10Z,3407074B7A,-62
2017-01-19T05:17:15Z,3407FFFF,-62
2017-01-19T05:17:36Z,3407074B7A,-61
2017-01-19T05:17:42Z,3407FFFF,-61
2017-01-19T05:18:03Z,3407074B7A,-63
2017-01-19T05:18:08Z,3407FFFF,-62
2017-01-19T05:18:30Z,3407074B7A,-61
2017-01-19T05:18:35Z,3407FFFF,-61
2017-01-19T05:18:57Z,3407074B7A,-62
2017-01-19T05:19:02Z,3407FFFF,-61
2017-01-19T05:19:23Z,3407074B7A,-61
2017-01-19T05:19:54Z,3407074B7A,-60
2017-01-19T05:19:59Z,3407FFFF,-63
2017-01-19T05:20:21Z,3407074B7A,-62
2017-01-19T05:20:26Z,3407FFFF,-62
2017-01-19T05:20:47Z,3407074B7A,-62
2017-01-19T05:21:19Z,3407074B7A,-62
2017-01-19T05:21:24Z,3407FFFF,-62
2017-01-19T05:21:45Z,3407074B7A,-62
2017-01-19T05:22:16Z,3407074B7A,-61
2017-01-19T05:22:48Z,3407074B7A,-62
2017-01-19T05:22:53Z,3407FFFF,-61
2017-01-19T05:23:14Z,3407074B7A,-62
2017-01-19T05:23:19Z,3407FFFF,-63
2017-01-19T05:23:41Z,3407074B7A,-66
2017-01-19T05:24:12Z,3407074B7A,-62
2017-01-19T05:24:17Z,3407FFFF,-62
2017-01-19T05:24:38Z,3407074B7A,-62
2017-01-19T05:24:43Z,3407FFFF,-62
2017-01-19T05:25:04Z,3407074B7A,-62
2017-01-19T05:25:15Z,34000007,-62
2017-01-19T05:25:36Z,3407074B7A,-62
2017-01-19T05:26:07Z,3407074B7A,-61
2017-01-19T05:26:12Z,3407FFFF,-62
2017-01-19T05:26:34Z,3407074B7A,-62
2017-01-19T05:26:39Z,34070000,-62
2017-01-19T05:27:00Z,3407074B7A,-61
2017-01-19T05:27:05Z,3407FFFF,-62
2017-01-19T05:27:26Z,3407074B7A,-61
2017-01-19T05:27:57Z,3407074B7A,-61
2017-01-19T05:28:02Z,34070000,-62
2017-01-19T05:28:24Z,3407074B7A,-61
2017-01-19T05:28:29Z,3407FFFF,-62
2017-01-19T05:28:50Z,3407074B7A,-61
2017-01-19T05:28:55Z,3407FFFF,-61
2017-01-19T05:29:16Z,3407074B7A,-62
2017-01-19T05:29:21Z,3407FFFF,-63
2017-01-19T05:29:42Z,3407074B7A,-62
2017-01-19T05:30:14Z,3407074B7A,-60
2017-01-19T05:30:45Z,3407074B7A,-61
2017-01-19T05:30:50Z,34000000,-64
2017-01-19T05:31:12Z,3407074B7A,-62
2017-01-19T05:31:17Z,34070000,-62
2017-01-19T05:31:38Z,3407074B7A,-62
2017-01-19T05:31:43Z,3407FFFF,-62
2017-01-19T05:32:04Z,3407074B7A,-61
2017-01-19T05:32:09Z,3407FFFF,-61
2017-01-19T05:32:30Z,3407074B7A,-61
2017-01-19T05:32:35Z,3407FFFF,-61
2017-01-19T05:32:56Z,3407074B7A,-61
2017-01-19T05:33:28Z,3407074B7A,-61
2017-01-19T05:33:33Z,34070000,-61
2017-01-19T05:33:54Z,3407074B7A,-61
2017-01-19T05:34:25Z,3407074B7A,-64
2017-01-19T05:34:30Z,3407FFFF,-62
2017-01-19T05:34:51Z,3407074B7A,-66
2017-01-19T05:35:27Z,3407074B7A,-61
2017-01-19T05:35:58Z,3407074B7A,-62
2017-01-19T05:36:03Z,34070000,-62
2017-01-19T05:36:24Z,3407074B7A,-62
2017-01-19T05:36:56Z,3407074B7A,-61
2017-01-19T05:37:01Z,34070000,-61
2017-01-19T05:37:22Z,3407074B7A,-62
2017-01-19T05:37:27Z,3407FFFF,-62
2017-01-19T05:37:48Z,3407074B7A,-61
2017-01-19T05:38:19Z,3407074B7A,-61
2017-01-19T05:38:24Z,34070000,-62
2017-01-19T05:38:45Z,3407074B7A,-61
2017-01-19T05:39:16Z,3407074B7A,-61
2017-01-19T05:39:21Z,34070000,-61
2017-01-19T05:39:42Z,3407074B7A,-61
2017-01-19T05:39:47Z,34070000,-62
2017-01-19T05:40:08Z,3407074B7A,-62
2017-01-19T05:40:45Z,34000000,-62
2017-01-19T05:41:07Z,3407074B7A,-61
2017-01-19T05:41:12Z,3407FFFF,-61
2017-01-19T05:41:33Z,3407074B7A,-61
2017-01-19T05:41:38Z,34000000,-61
2017-01-19T05:42:00Z,3407074B7A,-61
2017-01-19T05:42:05Z,34000000,-61
2017-01-19T05:42:28Z,3407074B7A,-61
2017-01-19T05:42:33Z,34000000,-61
2017-01-19T05:42:54Z,3407074B7A,-61
2017-01-19T05:42:59Z,3407FFFF,-61
2017-01-19T05:43:21Z,3407074B7A,-61
2017-01-19T05:43:26Z,3407FFFF,-61
2017-01-19T05:43:47Z,3407074B7A,-61
2017-01-19T05:44:18Z,3407074B7A,-61
2017-01-19T05:44:23Z,34070000,-62
2017-01-19T05:44:44Z,3407074B7A,-61
2017-01-19T05:45:15Z,3407074B7A,-61
2017-01-19T05:45:20Z,3407FFFF,-62
2017-01-19T05:45:41Z,3407074B7A,-62
2017-01-19T05:45:46Z,34070000,-62
2017-01-19T05:46:07Z,3407074B7A,-61
2017-01-19T05:46:12Z,3407FFFF,-62
2017-01-19T05:46:38Z,34070000,-62
2017-01-19T05:46:59Z,3407074B7A,-61
2017-01-19T05:47:04Z,3407FFFF,-61
2017-01-19T05:47:25Z,3407074B7A,-61
2017-01-19T05:47:30Z,34070000,-61
2017-01-19T05:47:51Z,3407074B7A,-61
2017-01-19T05:48:26Z,3407074B7A,-61
2017-01-19T05:48:37Z,34000000,-62
2017-01-19T05:48:57Z,3407074B7A,-62
2017-01-19T05:49:02Z,34070000,-61
2017-01-19T05:49:23Z,3407074B7A,-61
2017-01-19T05:49:59Z,3407074B7A,-61
2017-01-19T05:50:04Z,34070000,-61
2017-01-19T05:50:25Z,3407074B7A,-61
2017-01-19T05:50:56Z,3407074B7A,-61
2017-01-19T05:51:01Z,34070000,-61
2017-01-19T05:51:21Z,3407074B7A,-61
2017-01-19T05:51:58Z,3407074B7A,-61
2017-01-19T05:52:08Z,34000000,-63
2017-01-19T05:52:29Z,3407074B7A,-61
2017-01-19T05:52:34Z,3407FFFF,-61
2017-01-19T05:52:55Z,3407074B7A,-61
2017-01-19T05:53:00Z,34070000,-61
2017-01-19T05:53:21Z,3407074B7A,-61
2017-01-19T05:53:51Z,3407074B7A,-61
2017-01-19T05:53:57Z,34070000,-61
2017-01-19T05:54:17Z,3407074B7A,-61
2017-01-19T05:54:22Z,34070000,-61
2017-01-19T05:54:43Z,3407074B7A,-61
2017-01-19T05:54:48Z,34070000,-61
2017-01-19T05:55:09Z,3407074B7A,-61
2017-01-19T05:55:14Z,34070000,-61
2017-01-19T05:55:35Z,3407074B7A,-61
2017-01-19T05:55:40Z,34070000,-61
2017-01-19T05:56:01Z,3407074B7A,-61
2017-01-19T05:56:06Z,34070000,-61
2017-01-19T05:56:27Z,3407074B7A,-61
2017-01-19T05:56:58Z,3407074B7A,-60
2017-01-19T05:57:03Z,34070000,-61
2017-01-19T05:57:23Z,3407074B7A,-61
2017-01-19T05:57:28Z,34070000,-61
2017-01-19T05:57:49Z,3407074B7A,-61
2017-01-19T05:57:54Z,34070000,-61
2017-01-19T05:58:15Z,3407074B7A,-61
2017-01-19T05:58:20Z,34070000,-61
2017-01-19T05:58:41Z,3407074B7A,-62
2017-01-19T05:58:46Z,34070000,-61
2017-01-19T05:59:06Z,3407074B7A,-62
2017-01-19T05:59:11Z,34070000,-61
2017-01-19T05:59:32Z,3407074B7A,-61
2017-01-19T05:59:37Z,34070000,-61
2017-01-19T05:59:58Z,3407074B7A,-61
2017-01-19T06:00:34Z,3407074B7A,-61
2017-01-19T06:00:39Z,34070000,-61
2017-01-19T06:01:00Z,3407074B7A,-61
2017-01-19T06:01:05Z,34070000,-63
2017-01-19T06:01:25Z,3407074B7A,-67
2017-01-19T06:02:32Z,3407074B7A,-62
2017-01-19T06:02:37Z,34070000,-64
2017-01-19T06:02:58Z,3407074B7A,-61
2017-01-19T06:03:03Z,34070000,-64
2017-01-19T06:03:24Z,3407074B7A,-63
2017-01-19T06:03:29Z,34070000,-63
2017-01-19T06:03:50Z,3407074B7A,-65
2017-01-19T06:04:15Z,3407074B7A,-65
2017-01-19T06:04:21Z,34070000,-64
2017-01-19T06:04:41Z,3407074B7A,-61
2017-01-19T06:04:46Z,34070000,-61
2017-01-19T06:05:07Z,3407074B7A,-61
2017-01-19T06:05:12Z,34070000,-62
2017-01-19T06:05:32Z,3407074B7A,-61
2017-01-19T06:05:37Z,34070000,-62
2017-01-19T06:05:58Z,3407074B7A,-61
2017-01-19T06:06:03Z,34070000,-61
2017-01-19T06:06:23Z,3407074B7A,-61
2017-01-19T06:06:28Z,34070000,-61
2017-01-19T06:06:49Z,3407074B7A,-61
2017-01-19T06:06:54Z,34070000,-60
2017-01-19T06:07:15Z,3407074B7A,-61
2017-01-19T06:07:20Z,34070000,-62
2017-01-19T06:07:41Z,3407074B7A,-62
2017-01-19T06:07:46Z,34078000,-63
2017-01-19T06:08:06Z,3407074B7A,-64
2017-01-19T06:08:11Z,34070000,-62
2017-01-19T06:08:32Z,3407074B7A,-64
2017-01-19T06:08:37Z,34070000,-65
2017-01-19T06:08:58Z,3407074B7A,-61
2017-01-19T06:09:03Z,34070000,-61
2017-01-19T06:09:23Z,3407074B7A,-61
2017-01-19T06:09:29Z,34070000,-61
2017-01-19T06:09:49Z,3407074B7A,-61
2017-01-19T06:09:54Z,34070000,-61
2017-01-19T06:10:15Z,3407074B7A,-62
2017-01-19T06:10:20Z,34070000,-61
2017-01-19T06:10:40Z,3407074B7A,-61
2017-01-19T06:10:45Z,34070000,-61
2017-01-19T06:11:06Z,3407074B7A,-61
2017-01-19T06:11:11Z,34070000,-61
2017-01-19T06:11:31Z,3407074B7A,-61
2017-01-19T06:11:36Z,3407FFFF,-61
2017-01-19T06:11:57Z,3407074B7A,-61
2017-01-19T06:12:02Z,34070000,-61
2017-01-19T06:12:23Z,3407074B7A,-61
2017-01-19T06:12:28Z,34070000,-62
2017-01-19T06:12:53Z,34070000,-61
2017-01-19T06:13:14Z,3407074B7A,-61
2017-01-19T06:13:19Z,34070000,-61
2017-01-19T06:13:39Z,3407074B7A,-61
2017-01-19T06:13:44Z,34070000,-61
2017-01-19T06:14:04Z,3407074B7A,-61
2017-01-19T06:14:10Z,34070000,-61
2017-01-19T06:14:30Z,3407074B7A,-61
2017-01-19T06:14:35Z,34070000,-61
2017-01-19T06:14:55Z,3407074B7A,-61
2017-01-19T06:15:00Z,34070000,-61
2017-01-19T06:15:21Z,3407074B7A,-62
2017-01-19T06:15:26Z,34070000,-61
2017-01-19T06:15:46Z,3407074B7A,-61
2017-01-19T06:15:51Z,34070000,-61
2017-01-19T06:16:12Z,3407074B7A,-61
2017-01-19T06:16:17Z,34070000,-61
2017-01-19T06:16:37Z,3407074B7A,-61
2017-01-19T06:17:03Z,3407074B7A,-61
2017-01-19T06:17:08Z,34070000,-61
2017-01-19T06:17:28Z,3407074B7A,-61
2017-01-19T06:17:33Z,34070000,-61
2017-01-19T06:17:54Z,3407074B7A,-61
2017-01-19T06:17:59Z,34070000,-61
2017-01-19T06:18:19Z,3407074B7A,-61
2017-01-19T06:18:25Z,34070000,-61
2017-01-19T06:18:45Z,3407074B7A,-63
2017-01-19T06:18:50Z,34070000,-64
2017-01-19T06:19:11Z,3407074B7A,-61
2017-01-19T06:19:16Z,34070000,-61
2017-01-19T06:19:36Z,3407074B7A,-63
2017-01-19T06:19:41Z,34070000,-62
2017-01-19T06:20:02Z,3407074B7A,-60
2017-01-19T06:20:07Z,34070000,-60
2017-01-19T06:20:28Z,3407074B7A,-61
2017-01-19T06:20:33Z,34070000,-61
2017-01-19T06:20:53Z,3407074B7A,-60
2017-01-19T06:20:58Z,34070000,-60
2017-01-19T06:21:19Z,3407074B7A,-60
2017-01-19T06:21:54Z,3407074B7A,-64
2017-01-19T06:21:59Z,34070000,-62
2017-01-19T06:22:20Z,3407074B7A,-63
2017-01-19T06:22:25Z,34070000,-64
2017-01-19T06:22:45Z,3407074B7A,-64
2017-01-19T06:22:50Z,34070000,-63
2017-01-19T06:23:11Z,3407074B7A,-60
2017-01-19T06:23:16Z,34070000,-60
2017-01-19T06:23:36Z,3407074B7A,-62
2017-01-19T06:23:41Z,34070000,-62
2017-01-19T06:24:02Z,3407074B7A,-63
2017-01-19T06:24:07Z,34070000,-62
2017-01-19T06:24:27Z,3407074B7A,-59
2017-01-19T06:24:32Z,34070000,-61
2017-01-19T06:24:52Z,3407074B7A,-62
2017-01-19T06:24:57Z,34070000,-62
2017-01-19T06:25:18Z,3407074B7A,-59
2017-01-19T06:25:23Z,34070000,-60
2017-01-19T06:25:43Z,3407074B7A,-62
2017-01-19T06:25:48Z,34070000,-63
2017-01-19T06:26:09Z,3407074B7A,-62
2017-01-19T06:26:14Z,34070000,-63
2017-01-19T06:26:39Z,34070000,-62
2017-01-19T06:26:59Z,3407074B7A,-61
2017-01-19T06:27:05Z,34070000,-60
2017-01-19T06:27:25Z,3407074B7A,-59
2017-01-19T06:27:30Z,34070000,-62
2017-01-19T06:27:50Z,3407074B7A,-60
2017-01-19T06:27:55Z,34070000,-61
2017-01-19T06:28:16Z,3407074B7A,-60
2017-01-19T06:28:21Z,34070000,-60
2017-01-19T06:28:41Z,3407074B7A,-60
2017-01-19T06:28:46Z,34070000,-61
2017-01-19T06:29:06Z,3407074B7A,-61
2017-01-19T06:29:12Z,34070000,-61
2017-01-19T06:29:32Z,3407074B7A,-61
2017-01-19T06:29:37Z,34070000,-63
2017-01-19T06:29:57Z,3407074B7A,-61
2017-01-19T06:30:02Z,34070000,-60
2017-01-19T06:30:23Z,3407074B7A,-60
2017-01-19T06:30:28Z,34070000,-61
2017-01-19T06:30:48Z,3407074B7A,-61
2017-01-19T06:30:53Z,34070000,-61
2017-01-19T06:31:13Z,3407074B7A,-61
2017-01-19T06:31:18Z,34070000,-61
2017-01-19T06:31:38Z,3407074B7A,-61
2017-01-19T06:31:43Z,34070000,-61
2017-01-19T06:32:04Z,3407074B7A,-61
2017-01-19T06:32:09Z,34070000,-61
2017-01-19T06:32:29Z,3407074B7A,-61
2017-01-19T06:32:34Z,34070000,-61
2017-01-19T06:32:54Z,3407074B7A,-61
2017-01-19T06:32:59Z,34070000,-61
2017-01-19T06:33:19Z,3407074B7A,-61
2017-01-19T06:33:24Z,34070000,-61
2017-01-19T06:33:44Z,3407074B7A,-61
2017-01-19T06:33:49Z,34070000,-61
2017-01-19T06:34:09Z,3407074B7A,-61
2017-01-19T06:34:14Z,34070000,-61
2017-01-19T06:34:34Z,3407074B7A,-60
2017-01-19T06:34:39Z,34070000,-61
2017-01-19T06:34:59Z,3407074B7A,-62
2017-01-19T06:35:04Z,34070000,-62
2017-01-19T06:35:25Z,3407074B7A,-63
2017-01-19T06:35:30Z,34070000,-61
2017-01-19T06:35:50Z,3407074B7A,-61
2017-01-19T06:35:55Z,34070000,-61
2017-01-19T06:36:15Z,3407074B7A,-68
2017-01-19T06:36:20Z,34070000,-60
2017-01-19T06:36:40Z,3407074B7A,-61
2017-01-19T06:36:45Z,34000000,-58
2017-01-19T06:37:07Z,3407074B7A,-65
2017-01-19T06:37:12Z,34070000,-62
2017-01-19T06:37:32Z,3407074B7A,-61
2017-01-19T06:37:37Z,34070000,-60
2017-01-19T06:37:57Z,3407074B7A,-61
2017-01-19T06:38:02Z,34070000,-61
2017-01-19T06:38:22Z,3407074B7A,-62
2017-01-19T06:38:27Z,34070000,-61
2017-01-19T06:38:47Z,3407074B7A,-64
2017-01-19T06:38:53Z,34070000,-60
2017-01-19T06:39:13Z,3407074B7A,-62
2017-01-19T06:39:18Z,34070000,-62
2017-01-19T06:39:38Z,3407074B7A,-62
2017-01-19T06:39:43Z,34070000,-62
2017-01-19T06:40:02Z,3407074B7A,-61
2017-01-19T06:40:08Z,34070000,-62
2017-01-19T06:40:28Z,3407074B7A,-62
2017-01-19T06:40:33Z,34070000,-62
2017-01-19T06:40:58Z,34070000,-61
2017-01-19T06:41:18Z,3407074B7A,-61
2017-01-19T06:41:23Z,34070000,-61
2017-01-19T06:41:43Z,3407074B7A,-61
2017-01-19T06:41:48Z,34070000,-61
2017-01-19T06:42:08Z,3407074B7A,-62
2017-01-19T06:42:13Z,34070000,-61
2017-01-19T06:42:33Z,3407074B7A,-62
2017-01-19T06:42:38Z,34070000,-61
2017-01-19T06:42:58Z,3407074B7A,-62
2017-01-19T06:43:03Z,34070000,-61
2017-01-19T06:43:23Z,3407074B7A,-62
2017-01-19T06:43:28Z,34070000,-61
2017-01-19T06:43:48Z,3407074B7A,-62
2017-01-19T06:43:53Z,34070000,-62
2017-01-19T06:44:13Z,3407074B7A,-61
2017-01-19T06:44:18Z,34070000,-62
2017-01-19T06:44:43Z,34070000,-62
2017-01-19T06:45:03Z,3407074B7A,-62
2017-01-19T06:45:08Z,34070000,-62
2017-01-19T06:45:28Z,3407074B7A,-61
2017-01-19T06:45:33Z,34070000,-61
2017-01-19T06:45:53Z,3407074B7A,-61
2017-01-19T06:45:58Z,34070000,-61
2017-01-19T06:46:18Z,3407074B7A,-61
2017-01-19T06:46:23Z,34070000,-61
2017-01-19T06:46:43Z,3407074B7A,-61
2017-01-19T06:46:48Z,34070000,-61
2017-01-19T06:47:08Z,3407074B7A,-61
2017-01-19T06:47:13Z,34070000,-61
2017-01-19T06:47:33Z,3407074B7A,-62
2017-01-19T06:47:38Z,34070000,-61
2017-01-19T06:47:58Z,3407074B7A,-61
2017-01-19T06:48:03Z,34070000,-61
2017-01-19T06:48:23Z,3407074B7A,-61
2017-01-19T06:48:28Z,34070000,-61
2017-01-19T06:48:48Z,3407074B7A,-61
2017-01-19T06:48:53Z,34070000,-61
2017-01-19T06:49:13Z,3407074B7A,-61
2017-01-19T06:49:18Z,340707FF,-61
2017-01-19T06:49:38Z,3407074B7A,-61
2017-01-19T06:49:43Z,34070000,-61
2017-01-19T06:50:03Z,3407074B7A,-61
2017-01-19T06:50:08Z,34070000,-61
2017-01-19T06:50:28Z,3407074B7A,-61
2017-01-19T06:50:33Z,34070000,-61
2017-01-19T06:50:53Z,3407074B7A,-61
2017-01-19T06:50:58Z,34070000,-62
2017-01-19T06:51:18Z,3407074B7A,-61
2017-01-19T06:51:23Z,34070000,-61
2017-01-19T06:51:43Z,3407074B7A,-61
2017-01-19T06:51:48Z,34070000,-62
2017-01-19T06:52:08Z,3407074B7A,-61
2017-01-19T06:52:13Z,34070000,-61
2017-01-19T06:52:33Z,3407074B7A,-61
2017-01-19T06:52:38Z,34070000,-61
2017-01-19T06:52:58Z,3407074B7A,-61
2017-01-19T06:53:03Z,34070000,-62
2017-01-19T06:53:23Z,3407074B7A,-61
2017-01-19T06:53:28Z,34070000,-61
2017-01-19T06:53:48Z,3407074B7A,-61
2017-01-19T06:53:53Z,340707FF,-61
2017-01-19T06:54:13Z,3407074B7A,-61
2017-01-19T06:54:18Z,34070000,-61
2017-01-19T06:54:38Z,3407074B7A,-61
2017-01-19T06:54:43Z,34070000,-61
2017-01-19T06:55:03Z,3407074B7A,-61
2017-01-19T06:55:08Z,34070000,-61
2017-01-19T06:55:28Z,3407074B7A,-60
2017-01-19T06:55:33Z,34070000,-62
2017-01-19T06:55:53Z,3407074B7A,-62
2017-01-19T06:55:58Z,34070000,-61
2017-01-19T06:56:18Z,3407074B7A,-62
2017-01-19T06:56:23Z,34070000,-62
2017-01-19T06:56:43Z,3407074B7A,-62
2017-01-19T06:56:48Z,34070000,-62
2017-01-19T06:57:08Z,3407074B7A,-62
2017-01-19T06:57:13Z,34070000,-62
2017-01-19T06:57:33Z,3407074B7A,-62
2017-01-19T06:57:38Z,34070000,-62
2017-01-19T06:57:58Z,3407074B7A,-62
2017-01-19T06:58:03Z,34070000,-62
2017-01-19T06:58:23Z,3407074B7A,-63
2017-01-19T06:58:28Z,340707FF,-62
2017-01-19T06:58:47Z,3407074B7A,-62
2017-01-19T06:58:53Z,34070000,-62
2017-01-19T06:59:12Z,3407074B7A,-61
2017-01-19T06:59:17Z,34070000,-61
2017-01-19T06:59:37Z,3407074B7A,-61
2017-01-19T06:59:42Z,340707FF,-61
2017-01-19T07:00:02Z,3407074B7A,-62
2017-01-19T07:00:07Z,34070000,-62
2017-01-19T07:00:27Z,3407074B7A,-62
2017-01-19T07:00:32Z,34070000,-61
2017-01-19T07:00:52Z,3407074B7A,-64
2017-01-19T07:00:57Z,34070000,-61
2017-01-19T07:01:17Z,3407074B7A,-61
2017-01-19T07:01:22Z,340707FF,-62
2017-01-19T07:01:42Z,3407074B7A,-61
2017-01-19T07:01:47Z,34070000,-61
2017-01-19T07:02:06Z,3407074B7A,-61
2017-01-19T07:02:12Z,340707FF,-61
2017-01-19T07:02:31Z,3407074B7A,-61
2017-01-19T07:02:36Z,34070000,-61
2017-01-19T07:02:56Z,3407074B7A,-61
2017-01-19T07:03:01Z,34070000,-61
2017-01-19T07:03:20Z,3407074B7A,-61
2017-01-19T07:03:45Z,3407074B7A,-61
2017-01-19T07:03:50Z,34070000,-61
2017-01-19T07:04:10Z,3407074B7A,-61
2017-01-19T07:04:15Z,340707FF,-61
2017-01-19T07:04:35Z,3407074B7A,-61
2017-01-19T07:04:40Z,34070000,-62
2017-01-19T07:05:05Z,34070000,-66
2017-01-19T07:05:25Z,3407074B7A,-65
2017-01-19T07:05:30Z,34070000,-61
2017-01-19T07:05:50Z,3407074B7A,-60
2017-01-19T07:05:55Z,34070000,-59
2017-01-19T07:06:15Z,3407074B7A,-65
2017-01-19T07:06:20Z,34070000,-64
2017-01-19T07:06:40Z,3407074B7A,-61
2017-01-19T07:06:45Z,340707FF,-62
2017-01-19T07:07:10Z,34070000,-61
2017-01-19T07:07:29Z,3407074B7A,-62
2017-01-19T07:07:34Z,34070000,-61
2017-01-19T07:07:54Z,3407074B7A,-62
2017-01-19T07:07:59Z,340707FF,-62
2017-01-19T07:08:19Z,3407074B7A,-61
2017-01-19T07:08:24Z,34070000,-61
2017-01-19T07:08:43Z,3407074B7A,-59
2017-01-19T07:08:49Z,34070000,-60
2017-01-19T07:09:08Z,3407074B7A,-65
2017-01-19T07:09:14Z,34070000,-63
2017-01-19T07:09:33Z,3407074B7A,-62
2017-01-19T07:09:38Z,340707FF,-61
2017-01-19T07:10:01Z,3407074B7A,-61
2017-01-19T07:10:29Z,3407074B7A,-66
2017-01-19T07:10:34Z,34000000,-68
2017-01-19T07:10:57Z,3407074B7A,-65
2017-01-19T07:11:02Z,34000000,-64
2017-01-19T07:11:22Z,3407074B7A,-62
2017-01-19T07:11:27Z,34070000,-64
2017-01-19T07:11:46Z,3407074B7A,-62
2017-01-19T07:11:51Z,34070000,-64
2017-01-19T07:12:11Z,3407074B7A,-61
2017-01-19T07:12:16Z,340707FF,-61
2017-01-19T07:12:36Z,3407074B7A,-62
2017-01-19T07:12:41Z,34070000,-61
2017-01-19T07:13:00Z,3407074B7A,-61
2017-01-19T07:13:05Z,340707FF,-61
2017-01-19T07:13:25Z,3407074B7A,-62
2017-01-19T07:13:30Z,34070000,-62
2017-01-19T07:13:50Z,3407074B7A,-62
2017-01-19T07:13:55Z,340707FF,-62
2017-01-19T07:14:14Z,3407074B7A,-62
2017-01-19T07:14:19Z,34070000,-61
2017-01-19T07:14:39Z,3407074B7A,-62
2017-01-19T07:14:44Z,34070000,-61
2017-01-19T07:15:04Z,3407074B7A,-62
2017-01-19T07:15:09Z,340707FF,-62
2017-01-19T07:15:29Z,3407074B7A,-61
2017-01-19T07:15:34Z,34070000,-61
2017-01-19T07:15:53Z,3407074B7A,-61
2017-01-19T07:15:58Z,34070000,-61
2017-01-19T07:16:18Z,3407074B7A,-61
2017-01-19T07:16:23Z,34070000,-62
2017-01-19T07:16:43Z,3407074B7A,-62
2017-01-19T07:16:48Z,340707FF,-61
2017-01-19T07:17:08Z,3407074B7A,-62
2017-01-19T07:17:13Z,34070000,-62
2017-01-19T07:17:33Z,3407074B7A,-62
2017-01-19T07:17:38Z,34070000,-61
2017-01-19T07:17:58Z,3407074B7A,-62
2017-01-19T07:18:03Z,34070000,-61
2017-01-19T07:18:23Z,3407074B7A,-62
2017-01-19T07:18:28Z,34070000,-61
2017-01-19T07:18:48Z,3407074B7A,-62
2017-01-19T07:18:53Z,34070000,-62
2017-01-19T07:19:13Z,3407074B7A,-61
2017-01-19T07:19:18Z,34070000,-61
2017-01-19T07:19:38Z,3407074B7A,-62
2017-01-19T07:19:43Z,34070000,-62
2017-01-19T07:20:03Z,3407074B7A,-61
2017-01-19T07:20:08Z,34070000,-62
2017-01-19T07:20:28Z,3407074B7A,-61
2017-01-19T07:20:33Z,340707FF,-61
2017-01-19T07:20:52Z,3407074B7A,-62
2017-01-19T07:20:57Z,34070000,-61
2017-01-19T07:21:17Z,3407074B7A,-61
2017-01-19T07:21:22Z,340707FF,-61
2017-01-19T07:21:42Z,3407074B7A,-61
2017-01-19T07:21:47Z,34070000,-61
2017-01-19T07:22:07Z,3407074B7A,-62
2017-01-19T07:22:12Z,34070000,-61
2017-01-19T07:22:56Z,3407074B7A,-62
2017-01-19T07:23:01Z,34070000,-61
2017-01-19T07:23:21Z,3407074B7A,-61
2017-01-19T07:23:46Z,3407074B7A,-61
2017-01-19T07:23:51Z,34070000,-61
2017-01-19T07:24:11Z,3407074B7A,-62
2017-01-19T07:24:35Z,3407074B7A,-62
2017-01-19T07:24:41Z,34070000,-62
2017-01-19T07:25:00Z,3407074B7A,-62
2017-01-19T07:25:30Z,3407074B7A,-62
2017-01-19T07:25:35Z,34070000,-61
2017-01-19T07:25:55Z,3407074B7A,-62
2017-01-19T07:26:00Z,340707FF,-63
2017-01-19T07:26:19Z,3407074B7A,-62
2017-01-19T07:26:44Z,3407074B7A,-62
2017-01-19T07:26:49Z,34070000,-61
2017-01-19T07:27:09Z,3407074B7A,-61
2017-01-19T07:27:14Z,34070000,-63
2017-01-19T07:27:34Z,3407074B7A,-62
2017-01-19T07:27:39Z,340707FF,-61
2017-01-19T07:27:59Z,3407074B7A,-65
2017-01-19T07:28:04Z,34070000,-66
2017-01-19T07:28:24Z,3407074B7A,-61
2017-01-19T07:28:29Z,34070000,-63
2017-01-19T07:28:49Z,3407074B7A,-61
2017-01-19T07:28:54Z,34070000,-61
2017-01-19T07:29:14Z,3407074B7A,-62
2017-01-19T07:29:19Z,34070000,-62
2017-01-19T07:29:38Z,3407074B7A,-62
2017-01-19T07:29:43Z,340707FF,-62
2017-01-19T07:30:03Z,3407074B7A,-62
2017-01-19T07:30:08Z,340707FF,-62
2017-01-19T07:30:28Z,3407074B7A,-62
2017-01-19T07:30:33Z,340707FF,-62
2017-01-19T07:30:52Z,3407074B7A,-62
2017-01-19T07:30:57Z,34070000,-62
2017-01-19T07:31:17Z,3407074B7A,-62
2017-01-19T07:31:22Z,340707FF,-62
2017-01-19T07:31:41Z,3407074B7A,-62
2017-01-19T07:31:51Z,34000000,-62
2017-01-19T07:32:11Z,3407074B7A,-62
2017-01-19T07:32:16Z,340707FF,-61
2017-01-19T07:32:35Z,3407074B7A,-61
2017-01-19T07:32:41Z,340707FF,-61
2017-01-19T07:33:00Z,3407074B7A,-61
2017-01-19T07:33:05Z,340707FF,-61
2017-01-19T07:33:24Z,3407074B7A,-62
2017-01-19T07:33:29Z,34070000,-62
2017-01-19T07:33:49Z,3407074B7A,-62
2017-01-19T07:33:59Z,34000000,-63
2017-01-19T07:34:19Z,3407074B7A,-62
2017-01-19T07:34:24Z,34070000,-61
2017-01-19T07:34:43Z,3407074B7A,-61
2017-01-19T07:34:48Z,340707FF,-62
2017-01-19T07:35:08Z,3407074B7A,-61
2017-01-19T07:35:13Z,340707FF,-61
2017-01-19T07:35:32Z,3407074B7A,-62
2017-01-19T07:35:37Z,340707FF,-60
2017-01-19T07:35:57Z,3407074B7A,-61
2017-01-19T07:36:02Z,34070000,-61
2017-01-19T07:36:21Z,3407074B7A,-61
2017-01-19T07:36:26Z,340707FF,-61
2017-01-19T07:36:45Z,3407074B7A,-61
2017-01-19T07:36:55Z,34000000,-62
2017-01-19T07:37:15Z,3407074B7A,-61
2017-01-19T07:37:25Z,34000000,-62
2017-01-19T07:37:44Z,3407074B7A,-62
2017-01-19T07:37:50Z,340707FF,-61
2017-01-19T07:38:09Z,3407074B7A,-61
2017-01-19T07:38:19Z,34000000,-62
2017-01-19T07:38:38Z,3407074B7A,-62
2017-01-19T07:38:43Z,340707FF,-61
2017-01-19T07:39:03Z,3407074B7A,-61
2017-01-19T07:39:08Z,340707FF,-62
2017-01-19T07:39:27Z,3407074B7A,-62
2017-01-19T07:39:32Z,34070000,-63
2017-01-19T07:39:51Z,3407074B7A,-62
2017-01-19T07:40:02Z,34800000,-63
2017-01-19T07:40:21Z,3407074B7A,-62
2017-01-19T07:40:26Z,340707FF,-62
2017-01-19T07:40:45Z,3407074B7A,-62
2017-01-19T07:40:51Z,340707FF,-61
2017-01-19T07:41:10Z,3407074B7A,-65
2017-01-19T07:41:15Z,34070000,-68
2017-01-19T07:41:35Z,3407074B7A,-61
2017-01-19T07:41:59Z,3407074B7A,-66
2017-01-19T07:42:05Z,34070000,-64
2017-01-19T07:42:24Z,3407074B7A,-61
2017-01-19T07:42:29Z,340707FF,-61
2017-01-19T07:42:49Z,3407074B7A,-61
2017-01-19T07:42:54Z,34070000,-61
2017-01-19T07:43:13Z,3407074B7A,-63
2017-01-19T07:43:18Z,34070000,-61
2017-01-19T07:43:37Z,3407074B7A,-61
2017-01-19T07:43:42Z,340707FF,-60
2017-01-19T07:44:02Z,3407074B7A,-65
2017-01-19T07:44:07Z,340707FF,-62
2017-01-19T07:44:26Z,3407074B7A,-63
2017-01-19T07:44:37Z,34000000,-64
2017-01-19T07:44:56Z,3407074B7A,-63
2017-01-19T07:45:01Z,340707FF,-67
2017-01-19T07:45:21Z,3407074B7A,-62
2017-01-19T07:45:26Z,340707FF,-64
2017-01-19T07:45:46Z,3407074B7A,-64
2017-01-19T07:45:51Z,34070000,-66
2017-01-19T07:46:11Z,3407074B7A,-61
2017-01-19T07:46:16Z,340707FF,-61
2017-01-19T07:46:36Z,3407074B7A,-64
2017-01-19T07:46:41Z,34070000,-66
2017-01-19T07:47:00Z,3407074B7A,-61
2017-01-19T07:47:11Z,34000000,-63
2017-01-19T07:47:31Z,3407074B7A,-63
2017-01-19T07:47:36Z,34000000,-60
2017-01-19T07:47:57Z,3407074B7A,-63
2017-01-19T07:48:02Z,34070000,-64
2017-01-19T07:48:21Z,3407074B7A,-63
2017-01-19T07:48:27Z,34070000,-63
2017-01-19T07:48:46Z,3407074B7A,-62
2017-01-19T07:48:51Z,340707FF,-62
2017-01-19T07:49:11Z,3407074B7A,-61
2017-01-19T07:49:35Z,3407074B7A,-61
2017-01-19T07:49:45Z,34000000,-62
2017-01-19T07:50:04Z,3407074B7A,-62
2017-01-19T07:50:10Z,340707FF,-61
2017-01-19T07:50:29Z,3407074B7A,-62
2017-01-19T07:50:58Z,3407074B7A,-62
2017-01-19T07:51:08Z,34000000,-62
2017-01-19T07:51:28Z,3407074B7A,-61
2017-01-19T07:51:33Z,340707FF,-62
2017-01-19T07:51:52Z,3407074B7A,-62
2017-01-19T07:51:57Z,340707FF,-61
2017-01-19T07:52:16Z,3407074B7A,-62
2017-01-19T07:52:21Z,340707FF,-62
2017-01-19T07:52:41Z,3407074B7A,-66
2017-01-19T07:52:51Z,34000000,-62
2017-01-19T07:53:10Z,F8001EAA,-112
2017-01-19T07:53:10Z,3407074B7A,-63
2017-01-19T07:53:15Z,340707FF,-63
2017-01-19T07:53:35Z,3407074B7A,-65
2017-01-19T07:53:40Z,340707FF,-64
2017-01-19T07:53:59Z,3407074B7A,-61
2017-01-19T07:54:04Z,34070000,-60
2017-01-19T07:54:34Z,34000000,-62
2017-01-19T07:54:53Z,3407074B7A,-62
2017-01-19T07:54:58Z,3407077F,-62
2017-01-19T07:55:03Z,34000000,-62
2017-01-19T07:55:22Z,3407074B7A,-62
2017-01-19T07:55:27Z,340707FF,-62
2017-01-19T07:55:46Z,3407074B7A,-62
2017-01-19T07:55:51Z,340707FF,-62
2017-01-19T07:56:21Z,34000000,-62
2017-01-19T07:56:50Z,34000000,-62
2017-01-19T07:57:10Z,3407074B7A,-62
2017-01-19T07:57:15Z,340707FF,-61
2017-01-19T07:57:34Z,3407074B7A,-62
2017-01-19T07:57:44Z,34000000,-63
2017-01-19T07:58:03Z,3407074B7A,-62
2017-01-19T07:58:08Z,340707FF,-61
2017-01-19T07:58:27Z,3407074B7A,-62
2017-01-19T07:58:38Z,34000000,-63
2017-01-19T07:58:57Z,3407074B7A,-62
2017-01-19T07:59:02Z,340707FF,-62
2017-01-19T07:59:21Z,3407074B7A,-62
2017-01-19T07:59:31Z,34000000,-62
2017-01-19T08:00:00Z,34000000,-62
2017-01-19T08:00:20Z,3407074B7A,-62
2017-01-19T08:00:25Z,340707FF,-61
2017-01-19T08:00:44Z,3407074B7A,-62
2017-01-19T08:00:54Z,34000000,-63
2017-01-19T08:01:13Z,3407074B7A,-62
2017-01-19T08:01:18Z,340707FF,-61
2017-01-19T08:01:37Z,3407074B7A,-62
2017-01-19T08:01:42Z,34070700,-62
2017-01-19T08:02:01Z,3407074B7A,-62
2017-01-19T08:02:06Z,340707FF,-61
2017-01-19T08:02:26Z,3407074B7A,-61
2017-01-19T08:02:36Z,34000000,-62
2017-01-19T08:02:55Z,3407074B7A,-61
2017-01-19T08:03:00Z,340707FF,-61
2017-01-19T08:03:19Z,3407074B7A,-62
2017-01-19T08:03:29Z,34000000,-62
2017-01-19T08:03:59Z,34000000,-62
2017-01-19T08:04:18Z,3407074B7A,-62
2017-01-19T08:04:23Z,340707FF,-62
2017-01-19T08:04:42Z,3407074B7A,-61
2017-01-19T08:04:52Z,34000000,-66
2017-01-19T08:05:12Z,3407074B7A,-61
2017-01-19T08:05:36Z,3407074B7A,-61
2017-01-19T08:05:46Z,34000000,-65
2017-01-19T08:06:06Z,3407074B7A,-62
2017-01-19T08:06:11Z,340707FF,-61
2017-01-19T08:06:30Z,3407074B7A,-63
2017-01-19T08:06:35Z,340707FF,-61
2017-01-19T08:06:54Z,3407074B7A,-61
2017-01-19T08:06:59Z,340707FF,-61
2017-01-19T08:07:18Z,3407074B7A,-61
2017-01-19T08:07:29Z,34000000,-62
2017-01-19T08:07:48Z,3407074B7A,-62
2017-01-19T08:07:53Z,340707FF,-60
2017-01-19T08:08:12Z,3407074B7A,-62
2017-01-19T08:08:22Z,34000000,-62
2017-01-19T08:08:47Z,340707FF,-62
2017-01-19T08:09:06Z,3407074B7A,-61
2017-01-19T08:09:11Z,340707FF,-61
2017-01-19T08:09:30Z,3407074B7A,-62
2017-01-19T08:09:35Z,340707FF,-61
2017-01-19T08:09:54Z,3407074B7A,-62
2017-01-19T08:10:00Z,340707FF,-62
2017-01-19T08:10:19Z,3407074B7A,-62
2017-01-19T08:10:24Z,340707FF,-62
2017-01-19T08:10:43Z,3407074B7A,-62
2017-01-19T08:10:53Z,34000000,-62
2017-01-19T08:11:12Z,3407074B7A,-62
2017-01-19T08:11:17Z,340707FF,-62
2017-01-19T08:11:36Z,3407074B7A,-62
2017-01-19T08:11:47Z,34000000,-62
2017-01-19T08:12:06Z,3407074B7A,-62
2017-01-19T08:12:16Z,34000000,-62
2017-01-19T08:12:35Z,3407074B7A,-62
2017-01-19T08:12:40Z,340707FF,-61
2017-01-19T08:12:59Z,3407074B7A,-61
2017-01-19T08:13:10Z,34000000,-63
2017-01-19T08:13:29Z,3407074B7A,-62
2017-01-19T08:13:34Z,340707FF,-61
2017-01-19T08:13:53Z,3407074B7A,-63
2017-01-19T08:14:03Z,34000000,-63
2017-01-19T08:14:22Z,3407074B7A,-62
2017-01-19T08:14:27Z,340707FF,-62
2017-01-19T08:14:46Z,3407074B7A,-62
2017-01-19T08:14:56Z,34000000,-63
2017-01-19T08:15:16Z,3407074B7A,-62
2017-01-19T08:15:26Z,34000000,-62
2017-01-19T08:15:45Z,3407074B7A,-61
2017-01-19T08:15:50Z,340707FF,-62
2017-01-19T08:16:09Z,3407074B7A,-62
2017-01-19T08:16:19Z,34000000,-63
2017-01-19T08:16:38Z,3407074B7A,-61
2017-01-19T08:16:43Z,340707FF,-61
2017-01-19T08:17:02Z,3407074B7A,-62
2017-01-19T08:17:08Z,34070700,-62
2017-01-19T08:17:27Z,3407074B7A,-62
2017-01-19T08:17:32Z,340707FF,-62
2017-01-19T08:17:51Z,3407074B7A,-62
2017-01-19T08:18:01Z,34000000,-62
2017-01-19T08:18:20Z,3407074B7A,-62
2017-01-19T08:18:25Z,340707FF,-62
2017-01-19T08:18:44Z,3407074B7A,-62
2017-01-19T08:18:54Z,34000000,-62
2017-01-19T08:19:13Z,3407074B7A,-62
2017-01-19T08:19:18Z,340707FF,-62
2017-01-19T08:19:37Z,3407074B7A,-63
2017-01-19T08:19:47Z,34000000,-62
2017-01-19T08:20:07Z,3407074B7A,-62
2017-01-19T08:20:17Z,34000000,-62
2017-01-19T08:20:36Z,3407074B7A,-62
2017-01-19T08:20:41Z,340707FF,-62
2017-01-19T08:21:00Z,3407074B7A,-62
2017-01-19T08:21:10Z,34000000,-62
2017-01-19T08:21:30Z,3407074B7A,-62
2017-01-19T08:21:35Z,340707FF,-62
2017-01-19T08:21:54Z,3407074B7A,-62
2017-01-19T08:22:04Z,34000000,-64
2017-01-19T08:22:23Z,3407074B7A,-62
2017-01-19T08:22:28Z,34070700,-62
2017-01-19T08:22:47Z,3407074B7A,-62
2017-01-19T08:22:52Z,340707FF,-62
2017-01-19T08:23:11Z,3407074B7A,-62
2017-01-19T08:23:16Z,340707FF,-62
2017-01-19T08:23:35Z,3407074B7A,-62
2017-01-19T08:23:40Z,34070700,-62
2017-01-19T08:23:59Z,3407074B7A,-62
2017-01-19T08:24:04Z,340707FF,-62
2017-01-19T08:24:23Z,3407074B7A,-62
2017-01-19T08:24:28Z,34070700,-62
2017-01-19T08:24:47Z,3407074B7A,-62
2017-01-19T08:24:52Z,340707FF,-62
2017-01-19T08:25:11Z,3407074B7A,-62
2017-01-19T08:25:16Z,340707FF,-62
2017-01-19T08:25:35Z,3407074B7A,-62
2017-01-19T08:25:45Z,34000000,-63
2017-01-19T08:26:04Z,3407074B7A,-62
2017-01-19T08:26:14Z,34000000,-62
2017-01-19T08:26:33Z,3407074B7A,-62
2017-01-19T08:26:38Z,340707FF,-62
2017-01-19T08:26:57Z,3407074B7A,-62
2017-01-19T08:27:02Z,34070700,-62
2017-01-19T08:27:21Z,3407074B7A,-62
2017-01-19T08:27:26Z,34070700,-62
2017-01-19T08:27:45Z,3407074B7A,-62
2017-01-19T08:27:50Z,340707FF,-62
2017-01-19T08:28:09Z,3407074B7A,-62
2017-01-19T08:28:19Z,34000000,-62
2017-01-19T08:28:38Z,3407074B7A,-62
2017-01-19T08:28:43Z,340707FF,-62
2017-01-19T08:29:02Z,3407074B7A,-62
2017-01-19T08:29:07Z,34070700,-62
2017-01-19T08:29:26Z,3407074B7A,-62
2017-01-19T08:29:31Z,340707FF,-62
2017-01-19T08:29:50Z,3407074B7A,-63
2017-01-19T08:30:00Z,34000000,-62
2017-01-19T08:30:19Z,3407074B7A,-60
2017-01-19T08:30:24Z,340707FF,-60
2017-01-19T08:30:44Z,3407074B7A,-63
2017-01-19T08:30:54Z,34000000,-64
2017-01-19T08:31:13Z,3407074B7A,-62
2017-01-19T08:31:18Z,340707FF,-61
2017-01-19T08:31:37Z,3407074B7A,-61
2017-01-19T08:32:01Z,3407074B7A,-61
2017-01-19T08:32:06Z,340707FF,-62
2017-01-19T08:32:25Z,3407074B7A,-62
2017-01-19T08:32:35Z,34000000,-63
2017-01-19T08:32:54Z,3407074B7A,-63
2017-01-19T08:32:59Z,340707FF,-62
2017-01-19T08:33:18Z,3407074B7A,-62
2017-01-19T08:33:23Z,34070700,-62
2017-01-19T08:33:42Z,3407074B7A,-62
2017-01-19T08:33:52Z,34000000,-62
2017-01-19T08:34:11Z,3407074B7A,-62
2017-01-19T08:34:16Z,3407077F,-62
2017-01-19T08:34:35Z,3407074B7A,-62
2017-01-19T08:34:45Z,3407FFFF,-62
2017-01-19T08:35:04Z,3407074B7A,-62
2017-01-19T08:35:14Z,34000000,-62
2017-01-19T08:35:33Z,3407074B7A,-62
2017-01-19T08:35:38Z,340707FF,-62
2017-01-19T08:35:57Z,3407074B7A,-62
2017-01-19T08:36:07Z,34000000,-62
2017-01-19T08:36:26Z,3407074B7A,-67
2017-01-19T08:36:31Z,340707FF,-61
2017-01-19T08:36:51Z,3407074B7A,-62
2017-01-19T08:36:56Z,340707FF,-63
2017-01-19T08:37:15Z,3407074B7A,-63
2017-01-19T08:37:20Z,34070700,-62
2017-01-19T08:37:39Z,3407074B7A,-62
2017-01-19T08:37:44Z,340707FF,-62
2017-01-19T08:38:03Z,3407074B7A,-62
2017-01-19T08:38:13Z,34000000,-63
2017-01-19T08:38:32Z,3407074B7A,-62
2017-01-19T08:38:37Z,340707FF,-62
2017-01-19T08:38:56Z,3407074B7A,-62
2017-01-19T08:39:20Z,3407074B7A,-62
2017-01-19T08:39:25Z,34070700,-62
2017-01-19T08:39:44Z,3407074B7A,-62
2017-01-19T08:39:54Z,34000000,-63
2017-01-19T08:40:13Z,3407074B7A,-62
2017-01-19T08:40:23Z,34000000,-63
2017-01-19T08:40:42Z,3407074B7A,-62
2017-01-19T08:40:47Z,3407077F,-62
2017-01-19T08:41:07Z,3407074B7A,-62
2017-01-19T08:41:34Z,3407074B7A,-62
2017-01-19T08:41:39Z,34070000,-62
2017-01-19T08:41:58Z,3407074B7A,-62
2017-01-19T08:42:03Z,340707FF,-62
2017-01-19T08:42:24Z,3407074B7A,-62
2017-01-19T08:42:29Z,34000000,-63
2017-01-19T08:42:50Z,3407074B7A,-62
2017-01-19T08:42:55Z,340707FF,-62
2017-01-19T08:43:14Z,3407074B7A,-62
2017-01-19T08:43:19Z,34070700,-62
2017-01-19T08:43:38Z,3407074B7A,-62
2017-01-19T08:43:48Z,3407FFFF,-62
2017-01-19T08:44:07Z,3407074B7A,-62
2017-01-19T08:44:12Z,34070700,-62
2017-01-19T08:44:31Z,3407074B7A,-62
2017-01-19T08:44:41Z,34000000,-62
2017-01-19T08:45:00Z,3407074B7A,-62
2017-01-19T08:45:10Z,34000000,-62
2017-01-19T08:45:29Z,3407074B7A,-62
2017-01-19T08:45:34Z,34070700,-62
2017-01-19T08:45:52Z,3407074B7A,-62
2017-01-19T08:45:57Z,3407077F,-62
2017-01-19T08:46:16Z,3407074B7A,-61
2017-01-19T08:46:21Z,340707FF,-62
2017-01-19T08:46:40Z,3407074B7A,-62
2017-01-19T08:46:45Z,34070700,-62
2017-01-19T08:47:04Z,3407074B7A,-62
2017-01-19T08:47:10Z,340707FF,-62
2017-01-19T08:47:28Z,3407074B7A,-62
2017-01-19T08:47:38Z,34000000,-62
2017-01-19T08:47:57Z,3407074B7A,-62
2017-01-19T08:48:03Z,340707FF,-62
2017-01-19T08:48:22Z,3407074B7A,-62
2017-01-19T08:48:27Z,34070700,-62
2017-01-19T08:48:46Z,3407074B7A,-62
2017-01-19T08:48:51Z,340707FF,-62
2017-01-19T08:49:10Z,3407074B7A,-62
2017-01-19T08:49:20Z,34000000,-63
2017-01-19T08:49:39Z,3407074B7A,-62
2017-01-19T08:49:44Z,340707FF,-62
2017-01-19T08:50:03Z,3407074B7A,-62
2017-01-19T08:50:08Z,340707FF,-62
2017-01-19T08:50:27Z,3407074B7A,-62
2017-01-19T08:50:32Z,34070700,-62
2017-01-19T08:50:51Z,3407074B7A,-62
2017-01-19T08:50:56Z,340707FF,-62
2017-01-19T08:51:15Z,3407074B7A,-62
2017-01-19T08:51:20Z,340707FF,-61
2017-01-19T08:51:39Z,3407074B7A,-62
2017-01-19T08:52:03Z,3407074B7A,-63
2017-01-19T08:52:08Z,340707FF,-63
2017-01-19T08:52:27Z,3407074B7A,-63
2017-01-19T08:52:37Z,34000000,-63
2017-01-19T08:52:56Z,3407074B7A,-60
2017-01-19T08:53:02Z,340707FF,-61
2017-01-19T08:53:21Z,3407074B7A,-62
2017-01-19T08:53:26Z,34070000,-62
2017-01-19T08:53:46Z,3407074B7A,-65
2017-01-19T08:53:51Z,34070000,-63
2017-01-19T08:54:11Z,3407074B7A,-62
2017-01-19T08:54:16Z,340707FF,-61
2017-01-19T08:54:40Z,340707FF,-61
2017-01-19T08:54:59Z,3407074B7A,-63
2017-01-19T08:55:04Z,34070700,-62
2017-01-19T08:55:23Z,3407074B7A,-62
2017-01-19T08:55:28Z,340707FF,-62
2017-01-19T08:55:47Z,3407074B7A,-62
2017-01-19T08:55:52Z,34070700,-62
2017-01-19T08:56:11Z,3407074B7A,-63
2017-01-19T08:56:16Z,340707FF,-62
2017-01-19T08:56:35Z,3407074B7A,-62
2017-01-19T08:56:45Z,34000000,-63
2017-01-19T08:57:04Z,3407074B7A,-62
2017-01-19T08:57:09Z,340707FF,-62
2017-01-19T08:57:33Z,340707FF,-62
2017-01-19T08:57:52Z,3407074B7A,-62
2017-01-19T08:57:57Z,34070700,-62
2017-01-19T08:58:16Z,3407074B7A,-62
2017-01-19T08:58:21Z,340707FF,-62
2017-01-19T08:58:40Z,3407074B7A,-62
2017-01-19T08:58:50Z,34000000,-62
2017-01-19T08:59:09Z,3407074B7A,-62
2017-01-19T08:59:19Z,34000000,-62
2017-01-19T08:59:38Z,3407074B7A,-62
2017-01-19T08:59:48Z,34000000,-63
2017-01-19T09:00:07Z,3407074B7A,-62
2017-01-19T09:00:12Z,34070700,-62
2017-01-19T09:00:31Z,3407074B7A,-62
2017-01-19T09:00:36Z,340707FF,-62
2017-01-19T09:00:56Z,3407074B7A,-61
2017-01-19T09:01:01Z,340707FF,-62
2017-01-19T09:01:20Z,3407074B7A,-62
2017-01-19T09:01:25Z,340707FF,-62
2017-01-19T09:01:49Z,340707FF,-62
2017-01-19T09:02:08Z,3407074B7A,-62
2017-01-19T09:02:18Z,34000000,-63
2017-01-19T09:02:37Z,3407074B7A,-62
2017-01-19T09:02:48Z,34000000,-62
2017-01-19T09:03:07Z,3407074B7A,-62
2017-01-19T09:03:12Z,340707FF,-62
2017-01-19T09:03:31Z,3407074B7A,-62
2017-01-19T09:03:36Z,340707FF,-62
2017-01-19T09:03:55Z,3407074B7A,-62
2017-01-19T09:04:00Z,340707FF,-62
2017-01-19T09:04:19Z,3407074B7A,-62
2017-01-19T09:04:24Z,340707FF,-62
2017-01-19T09:04:44Z,3407074B7A,-62
2017-01-19T09:04:54Z,34000000,-63
2017-01-19T09:05:13Z,3407074B7A,-61
2017-01-19T09:05:23Z,34000000,-62
2017-01-19T09:05:42Z,3407074B7A,-62
2017-01-19T09:05:47Z,340707FF,-62
2017-01-19T09:06:06Z,3407074B7A,-62
2017-01-19T09:06:17Z,34000000,-62
2017-01-19T09:06:36Z,3407074B7A,-62
2017-01-19T09:06:41Z,340707FF,-62
2017-01-19T09:07:00Z,3407074B7A,-62
2017-01-19T09:07:05Z,340707FF,-62
2017-01-19T09:07:24Z,3407074B7A,-62
2017-01-19T09:07:29Z,34070000,-62
2017-01-19T09:07:49Z,3407074B7A,-62
2017-01-19T09:07:54Z,340707FF,-62
2017-01-19T09:08:13Z,3407074B7A,-62
2017-01-19T09:08:18Z,340707FF,-62
2017-01-19T09:08:37Z,3407074B7A,-62
2017-01-19T09:08:42Z,340707FF,-62
2017-01-19T09:09:02Z,3407074B7A,-62
2017-01-19T09:09:07Z,34070000,-62
2017-01-19T09:09:26Z,3407074B7A,-62
2017-01-19T09:09:31Z,340707FF,-62
2017-01-19T09:09:50Z,3407074B7A,-62
2017-01-19T09:09:55Z,340707FF,-62
2017-01-19T09:10:15Z,3407074B7A,-62
2017-01-19T09:10:39Z,3407074B7A,-62
2017-01-19T09:10:45Z,340707FF,-62
2017-01-19T09:11:04Z,3407074B7A,-62
2017-01-19T09:11:09Z,34070000,-62
2017-01-19T09:11:29Z,3407074B7A,-62
2017-01-19T09:11:34Z,340707FF,-62
2017-01-19T09:11:53Z,3407074B7A,-62
2017-01-19T09:11:58Z,34070000,-62
2017-01-19T09:12:18Z,3407074B7A,-62
2017-01-19T09:12:23Z,34070000,-62
2017-01-19T09:12:42Z,3407074B7A,-62
2017-01-19T09:12:47Z,340707FF,-62
2017-01-19T09:13:07Z,3407074B7A,-62
2017-01-19T09:13:12Z,34070000,-62
2017-01-19T09:13:32Z,3407074B7A,-62
2017-01-19T09:13:37Z,34070000,-62
2017-01-19T09:13:57Z,3407074B7A,-62
2017-01-19T09:14:02Z,34070000,-62
2017-01-19T09:14:22Z,3407074B7A,-62
2017-01-19T09:14:27Z,340707FF,-62
2017-01-19T09:14:46Z,3407074B7A,-62
2017-01-19T09:14:51Z,34070000,-62
2017-01-19T09:15:11Z,3407074B7A,-62
2017-01-19T09:15:16Z,34070000,-62
2017-01-19T09:15:36Z,3407074B7A,-62
2017-01-19T09:15:41Z,34070000,-62
2017-01-19T09:16:00Z,3407074B7A,-62
2017-01-19T09:16:05Z,34070000,-62
2017-01-19T09:16:25Z,3407074B7A,-62
2017-01-19T09:16:30Z,34070000,-62
2017-01-19T09:16:50Z,3407074B7A,-62
2017-01-19T09:16:55Z,34070000,-62
2017-01-19T09:17:15Z,3407074B7A,-62
2017-01-19T09:17:20Z,34070000,-62
2017-01-19T09:17:40Z,3407074B7A,-62
2017-01-19T09:17:45Z,34070000,-62
2017-01-19T09:18:05Z,3407074B7A,-62
2017-01-19T09:18:10Z,34070000,-62
2017-01-19T09:18:30Z,3407074B7A,-62
2017-01-19T09:18:35Z,34070000,-62
2017-01-19T09:18:54Z,3407074B7A,-62
2017-01-19T09:19:00Z,34070000,-62
2017-01-19T09:19:20Z,3407074B7A,-62
2017-01-19T09:19:25Z,34070000,-62
2017-01-19T09:19:45Z,3407074B7A,-62
2017-01-19T09:19:50Z,34070000,-62
2017-01-19T09:20:10Z,3407074B7A,-62
2017-01-19T09:20:15Z,34070000,-62
2017-01-19T09:20:35Z,3407074B7A,-62
2017-01-19T09:20:40Z,34070000,-62
2017-01-19T09:21:00Z,3407074B7A,-62
2017-01-19T09:21:05Z,34070000,-62
2017-01-19T09:21:25Z,3407074B7A,-62
2017-01-19T09:21:31Z,34070000,-62
2017-01-19T09:21:51Z,3407074B7A,-62
2017-01-19T09:21:56Z,34070000,-62
2017-01-19T09:22:16Z,3407074B7A,-62
2017-01-19T09:22:21Z,34070000,-62
2017-01-19T09:22:42Z,3407074B7A,-62
2017-01-19T09:22:47Z,34070000,-62
2017-01-19T09:23:07Z,3407074B7A,-62
2017-01-19T09:23:12Z,34070000,-62
2017-01-19T09:23:32Z,3407074B7A,-63
2017-01-19T09:23:37Z,34070000,-62
2017-01-19T09:23:58Z,3407074B7A,-62
2017-01-19T09:24:03Z,34070000,-62
2017-01-19T09:24:23Z,3407074B7A,-62
2017-01-19T09:24:28Z,34070000,-62
2017-01-19T09:24:49Z,3407074B7A,-62
2017-01-19T09:25:20Z,3407074B7A,-62
2017-01-19T09:25:51Z,3407074B7A,-62
2017-01-19T09:25:56Z,34070000,-62
2017-01-19T09:26:17Z,3407074B7A,-62
2017-01-19T09:26:22Z,3407FFFF,-62
2017-01-19T09:26:43Z,3407074B7A,-62
2017-01-19T09:27:10Z,3407074B7A,-62
2017-01-19T09:27:15Z,3407FFFF,-62
2017-01-19T09:27:36Z,3407074B7A,-62
2017-01-19T09:27:41Z,34000000,-62
2017-01-19T09:28:08Z,3407FFFF,-62
2017-01-19T09:28:30Z,3407074B7A,-62
2017-01-19T09:28:35Z,34000000,-62
2017-01-19T09:28:57Z,3407074B7A,-62
2017-01-19T09:29:02Z,34000000,-62
2017-01-19T09:29:25Z,3407074B7A,-62
2017-01-19T09:29:30Z,34000000,-62
2017-01-19T09:29:53Z,3407074B7A,-61
2017-01-19T09:29:58Z,34000000,-62
2017-01-19T09:30:21Z,3407074B7A,-62
2017-01-19T09:30:26Z,34000000,-62
2017-01-19T09:30:49Z,3407074B7A,-62
2017-01-19T09:31:28Z,3407074B7A,-62
2017-01-19T09:31:57Z,3407074B7A,-62
2017-01-19T09:32:02Z,34000007,-63
2017-01-19T09:32:26Z,3407074B7A,-62
2017-01-19T09:32:56Z,3407074B7A,-62
2017-01-19T09:33:25Z,3407074B7A,-62
2017-01-19T09:33:55Z,3407074B7A,-62
2017-01-19T09:34:25Z,3407074B7A,-62
2017-01-19T09:35:25Z,3407074B7A,-62
2017-01-19T09:35:55Z,3407074B7A,-61
2017-01-19T09:36:25Z,3407074B7A,-62
2017-01-19T09:36:54Z,3407074B7A,-63
2017-01-19T09:37:24Z,3407074B7A,-61
2017-01-19T09:38:24Z,3407074B7A,-62
2017-01-19T09:38:54Z,3407074B7A,-61
2017-01-19T09:39:24Z,3407074B7A,-61
2017-01-19T09:39:54Z,3407074B7A,-61
2017-01-19T09:40:24Z,3407074B7A,-62
2017-01-19T09:40:54Z,3407074B7A,-62
2017-01-19T09:41:24Z,3407074B7A,-62
2017-01-19T09:41:54Z,3407074B7A,-62
2017-01-19T09:42:25Z,3407074B7A,-61
2017-01-19T09:42:55Z,3407074B7A,-62
2017-01-19T09:43:26Z,3407074B7A,-61
2017-01-19T09:43:57Z,3407074B7A,-61
2017-01-19T09:44:27Z,3407074B7A,-61
2017-01-19T09:44:58Z,3407074B7A,-61
2017-01-19T09:45:29Z,3407074B7A,-61
2017-01-19T09:46:00Z,3407074B7A,-61
2017-01-19T09:46:30Z,3407074B7A,-62
2017-01-19T09:47:01Z,3407074B7A,-61
2017-01-19T09:47:31Z,3407074B7A,-61
2017-01-19T09:48:02Z,3407074B7A,-61
2017-01-19T09:48:33Z,3407074B7A,-61
2017-01-19T09:49:04Z,3407074B7A,-61
2017-01-19T09:49:34Z,3407074B7A,-62
2017-01-19T09:50:05Z,3407074B7A,-62
2017-01-19T09:50:35Z,3407074B7A,-62
2017-01-19T09:51:06Z,3407074B7A,-62
2017-01-19T09:51:36Z,3407074B7A,-62
2017-01-19T09:52:06Z,3407074B7A,-61
2017-01-19T09:52:36Z,3407074B7A,-61
2017-01-19T09:53:07Z,3407074B7A,-61
2017-01-19T09:53:37Z,3407074B7A,-61
2017-01-19T09:54:08Z,3407074B7A,-61
2017-01-19T09:54:39Z,3407074B7A,-62
2017-01-19T09:55:10Z,3407074B7A,-61
2017-01-19T09:55:40Z,3407074B7A,-61
2017-01-19T09:56:11Z,3407074B7A,-61
2017-01-19T09:56:42Z,3407074B7A,-61
2017-01-19T09:57:13Z,3407074B7A,-61
2017-01-19T09:57:44Z,3407074B7A,-62
2017-01-19T09:58:15Z,3407074B7A,-62
2017-01-19T09:58:51Z,0000001E,-63
2017-01-19T09:59:17Z,3407074B7A,-61
2017-01-19T09:59:48Z,3407074B7A,-62
2017-01-19T10:00:19Z,3407074B7A,-61
2017-01-19T10:01:22Z,3407074B7A,-61
2017-01-19T10:01:53Z,3407074B7A,-61
2017-01-19T10:02:23Z,3407074B7A,-62
2017-01-19T10:02:54Z,3407074B7A,-61
2017-01-19T10:03:25Z,3407074B7A,-61
2017-01-19T10:03:56Z,3407074B7A,-61
2017-01-19T10:04:26Z,3407074B7A,-62
2017-01-19T10:04:58Z,3407074B7A,-62
2017-01-19T10:05:30Z,3407074B7A,-62
2017-01-19T10:06:07Z,3407074B7A,-62
2017-01-19T10:06:39Z,3407074B7A,-62
2017-01-19T10:07:16Z,3407074B7A,-62
2017-01-19T10:07:53Z,3407074B7A,-62
2017-01-19T10:08:25Z,3407074B7A,-61
2017-01-19T10:08:55Z,3407074B7A,-61
2017-01-19T10:09:26Z,3407074B7A,-62
2017-01-19T10:09:57Z,3407074B7A,-62
2017-01-19T10:10:28Z,3407074B7A,-62
2017-01-19T10:10:59Z,3407074B7A,-62
2017-01-19T10:11:29Z,3407074B7A,-62
2017-01-19T10:12:00Z,3407074B7A,-62
2017-01-19T10:12:31Z,3407074B7A,-62
2017-01-19T10:13:02Z,3407074B7A,-61
2017-01-19T10:13:33Z,3407074B7A,-61
2017-01-19T10:14:04Z,3407074B7A,-62
2017-01-19T10:14:35Z,3407074B7A,-62
2017-01-19T10:15:06Z,3407074B7A,-61
2017-01-19T10:15:37Z,3407074B7A,-62
2017-01-19T10:15:42Z,0000002D,-63
2017-01-19T10:16:08Z,3407074B7A,-61
2017-01-19T10:16:39Z,3407074B7A,-61
2017-01-19T10:17:10Z,3407074B7A,-62
2017-01-19T10:17:41Z,3407074B7A,-62
2017-01-19T10:18:12Z,3407074B7A,-62
2017-01-19T10:18:44Z,3407074B7A,-62
2017-01-19T10:19:15Z,3407074B7A,-62
2017-01-19T10:19:48Z,3407074B7A,-62
2017-01-19T10:20:21Z,3407074B7A,-62
2017-01-19T10:20:54Z,3407074B7A,-62
2017-01-19T10:21:27Z,3407074B7A,-62
2017-01-19T10:22:00Z,3407074B7A,-62
2017-01-19T10:22:05Z,0000009E,-63
2017-01-19T10:22:31Z,3407074B7A,-62
2017-01-19T10:23:02Z,3407074B7A,-62
2017-01-19T10:23:33Z,3407074B7A,-62
2017-01-19T10:24:04Z,3407074B7A,-62
2017-01-19T10:24:35Z,3407074B7A,-62
2017-01-19T10:26:10Z,3407074B7A,-62
2017-01-19T10:27:18Z,3407074B7A,-66
2017-01-19T10:27:49Z,3407074B7A,-61
2017-01-19T10:28:19Z,3407074B7A,-61
2017-01-19T10:28:50Z,3407074B7A,-61
2017-01-19T10:29:20Z,3407074B7A,-61
2017-01-19T10:29:50Z,3407074B7A,-61
2017-01-19T10:30:19Z,3407074B7A,-61
2017-01-19T10:30:49Z,3407074B7A,-61
2017-01-19T10:31:19Z,3407074B7A,-62
2017-01-19T10:32:20Z,3407074B7A,-61
2017-01-19T10:32:49Z,3407074B7A,-61
2017-01-19T10:33:21Z,3407074B7A,-61
2017-01-19T10:33:59Z,3407074B7A,-61
2017-01-19T10:34:36Z,3407074B7A,-61
2017-01-19T10:35:13Z,3407074B7A,-61
2017-01-19T10:35:46Z,3407074B7A,-61
2017-01-19T10:36:18Z,3407074B7A,-61
2017-01-19T10:36:48Z,3407074B7A,-61
2017-01-19T10:37:18Z,3407074B7A,-61
2017-01-19T10:37:48Z,3407074B7A,-61
2017-01-19T10:38:19Z,3407074B7A,-62
2017-01-19T10:38:49Z,3407074B7A,-61
2017-01-19T10:39:19Z,3407074B7A,-61
2017-01-19T10:39:49Z,3407074B7A,-61
2017-01-19T10:40:19Z,3407074B7A,-61
2017-01-19T10:40:49Z,3407074B7A,-61
2017-01-19T10:41:19Z,3407074B7A,-61
2017-01-19T10:41:48Z,3407074B7A,-62
2017-01-19T10:42:18Z,3407074B7A,-61
2017-01-19T10:42:47Z,3407074B7A,-62
2017-01-19T10:43:17Z,3407074B7A,-61
2017-01-19T10:43:50Z,3407074B7A,-61
2017-01-19T10:44:24Z,3407074B7A,-62
2017-01-19T10:44:57Z,3407074B7A,-62
2017-01-19T10:45:30Z,3407074B7A,-62
2017-01-19T10:46:04Z,3407074B7A,-62
2017-01-19T10:46:37Z,3407074B7A,-62
2017-01-19T10:47:10Z,3407074B7A,-62
2017-01-19T10:47:42Z,3407074B7A,-61
2017-01-19T10:48:12Z,3407074B7A,-62
2017-01-19T10:48:46Z,3407074B7A,-61
2017-01-19T10:49:16Z,3407074B7A,-62
2017-01-19T10:49:45Z,3407074B7A,-61
2017-01-19T10:52:16Z,3407074B,-62
2017-01-19T10:56:20Z,3407074B,-61
2017-01-19T11:00:17Z,3407074B,-61
2017-01-19T11:04:25Z,3407074B,-61
2017-01-19T11:13:40Z,3407074B,-61
2017-01-19T11:18:03Z,3407074B,-61
2017-01-19T12:48:49Z,00872A7F,-113
